index,label,split
0,7,train
1,7,train
2,8,train
3,8,train
4,0,val
5,9,train
6,3,test
7,2,train
8,2,train
9,2,val
10,8,train
11,1,train
12,3,train
13,7,test
14,7,train
15,9,test
16,2,train
17,2,val
18,6,train
19,7,val
20,9,train
21,6,test
22,3,train
23,5,train
24,0,train
25,1,train
26,2,train
27,7,test
28,7,train
29,5,train
30,2,train
31,5,test
32,9,train
33,2,train
34,5,train
35,7,train
36,5,train
37,3,train
38,0,train
39,6,test
40,9,train
41,7,val
42,2,train
43,9,train
44,6,train
45,6,test
46,8,train
47,9,train
48,1,train
49,8,train
50,2,train
51,6,train
52,2,val
53,3,train
54,0,val
55,6,train
56,3,train
57,7,test
58,9,train
59,1,train
60,2,train
61,7,train
62,7,val
63,3,train
64,7,train
65,6,val
66,3,train
67,3,train
68,1,train
69,8,val
70,1,test
71,6,test
72,7,train
73,8,test
74,7,test
75,6,train
76,6,val
77,5,val
78,5,train
79,8,train
80,5,train
81,5,val
82,5,train
83,2,train
84,5,test
85,9,train
86,2,train
87,3,test
88,8,train
89,7,train
90,8,train
91,2,train
92,3,test
93,0,train
94,0,train
95,1,train
96,1,train
97,4,test
98,2,train
99,7,train
100,1,train
101,8,val
102,1,train
103,2,train
104,6,train
105,0,train
106,0,val
107,3,train
108,0,train
109,2,train
110,8,val
111,5,train
112,7,val
113,2,test
114,5,train
115,9,train
116,3,train
117,7,train
118,5,val
119,8,train
120,8,test
121,3,test
122,1,train
123,7,train
124,6,train
125,8,train
126,1,train
127,3,val
128,4,val
129,1,val
130,5,train
131,8,test
132,1,train
133,3,train
134,8,test
135,9,train
136,0,train
137,9,test
138,0,train
139,5,train
140,7,train
141,3,val
142,5,train
143,5,train
144,3,test
145,0,test
146,6,val
147,9,train
148,6,test
149,8,train
150,1,train
151,0,train
152,7,test
153,7,val
154,0,test
155,5,train
156,8,val
157,7,test
158,6,train
159,9,test
160,9,val
161,1,train
162,8,train
163,1,test
164,2,train
165,1,train
166,1,train
167,9,train
168,2,train
169,7,test
170,7,train
171,5,train
172,9,train
173,9,val
174,1,test
175,6,val
176,9,val
177,1,train
178,2,test
179,9,test
180,6,test
181,6,train
182,7,train
183,6,test
184,1,train
185,1,train
186,3,val
187,3,test
188,7,val
189,9,train
190,7,test
191,2,train
192,1,train
193,5,train
194,9,train
195,7,test
196,6,val
197,1,train
198,1,train
199,7,train
200,2,val
201,3,train
202,3,test
203,2,val
204,3,train
205,9,train
206,9,train
207,1,train
208,7,train
209,4,train
210,3,train
211,2,val
212,8,train
213,0,train
214,0,val
215,4,train
216,6,val
217,3,test
218,7,test
219,5,train
220,9,test
221,6,train
222,7,train
223,3,train
224,6,train
225,2,test
226,1,train
227,1,test
228,3,train
229,0,train
230,1,train
231,7,train
232,1,val
233,6,train
234,3,train
235,5,train
236,9,train
237,7,train
238,5,train
239,1,test
240,2,test
241,7,test
242,5,val
243,2,val
244,1,val
245,8,train
246,7,train
247,1,train
248,0,train
249,7,val
250,2,train
251,5,test
252,6,val
253,7,train
254,3,train
255,7,train
256,4,train
257,9,train
258,2,train
259,3,train
260,9,train
261,0,train
262,3,val
263,2,train
264,9,train
265,2,train
266,3,test
267,7,train
268,2,val
269,2,val
270,7,test
271,3,train
272,7,test
273,6,train
274,7,train
275,9,test
276,9,train
277,6,train
278,8,train
279,5,val
280,1,train
281,5,train
282,2,train
283,5,train
284,1,train
285,9,train
286,3,train
287,7,train
288,7,train
289,2,train
290,1,train
291,6,train
292,0,val
293,3,train
294,7,train
295,5,test
296,2,test
297,1,train
298,8,train
299,9,val
300,7,val
301,8,train
302,9,val
303,1,train
304,4,train
305,9,train
306,2,test
307,1,train
308,0,train
309,8,train
310,2,val
311,0,val
312,3,train
313,9,train
314,0,train
315,2,train
316,1,train
317,5,train
318,3,train
319,3,train
320,5,train
321,9,train
322,5,test
323,5,train
324,6,train
325,2,train
326,4,val
327,6,train
328,8,train
329,0,train
330,7,train
331,2,train
332,1,train
333,6,train
334,3,train
335,7,train
336,5,train
337,7,val
338,6,test
339,7,train
340,6,train
341,5,val
342,3,val
343,3,val
344,8,val
345,8,train
346,5,train
347,2,test
348,9,train
349,3,train
350,1,train
351,3,train
352,6,train
353,7,train
354,2,train
355,3,train
356,7,train
357,3,train
358,5,train
359,2,train
360,2,train
361,3,val
362,2,train
363,7,test
364,8,train
365,9,val
366,8,val
367,0,train
368,9,test
369,0,train
370,7,test
371,9,train
372,5,train
373,6,train
374,1,val
375,9,train
376,6,train
377,1,test
378,9,train
379,8,train
380,6,train
381,9,val
382,5,train
383,3,train
384,2,test
385,2,train
386,8,train
387,7,val
388,7,train
389,5,train
390,2,test
391,8,train
392,3,val
393,0,train
394,2,train
395,9,val
396,7,train
397,6,test
398,2,train
399,5,train
400,3,train
401,5,train
402,3,train
403,7,train
404,7,train
405,2,train
406,9,train
407,3,train
408,3,train
409,9,train
410,5,test
411,3,train
412,2,val
413,2,train
414,9,val
415,4,train
416,5,train
417,7,train
418,0,train
419,7,train
420,8,train
421,7,test
422,5,test
423,7,val
424,5,test
425,8,val
426,8,train
427,5,train
428,5,train
429,6,train
430,2,train
431,5,test
432,6,test
433,9,val
434,3,val
435,1,train
436,1,train
437,3,train
438,2,train
439,2,train
440,5,val
441,5,val
442,9,train
443,4,train
444,1,train
445,2,train
446,3,train
447,9,train
448,3,test
449,3,train
450,6,train
451,6,val
452,5,train
453,8,train
454,7,val
455,1,train
456,9,train
457,5,train
458,5,val
459,5,train
460,7,train
461,1,train
462,6,train
463,9,val
464,6,val
465,5,train
466,5,train
467,6,train
468,6,train
469,7,train
470,2,val
471,9,val
472,6,test
473,0,train
474,3,val
475,9,train
476,5,val
477,0,train
478,3,train
479,9,val
480,7,train
481,3,train
482,5,train
483,1,train
484,9,train
485,7,val
486,7,train
487,1,val
488,1,val
489,5,train
490,6,train
491,2,train
492,7,test
493,5,train
494,7,train
495,1,val
496,4,test
497,9,train
498,2,train
499,3,train
500,3,train
501,9,train
502,9,train
503,6,test
504,3,train
505,5,train
506,7,train
507,2,train
508,3,val
509,6,train
510,9,train
511,7,train
512,6,val
513,7,val
514,5,train
515,2,test
516,8,train
517,3,train
518,7,train
519,7,train
520,5,train
521,1,train
522,3,test
523,1,train
524,2,train
525,5,train
526,2,test
527,5,test
528,2,train
529,2,test
530,7,train
531,3,train
532,1,train
533,3,test
534,1,train
535,5,train
536,5,test
537,5,train
538,1,train
539,8,train
540,1,test
541,7,train
542,2,train
543,3,train
544,8,val
545,8,val
546,5,train
547,6,train
548,8,train
549,2,test
550,6,val
551,2,train
552,2,train
553,1,train
554,7,val
555,6,train
556,1,train
557,7,train
558,8,val
559,3,train
560,2,train
561,5,val
562,9,train
563,2,train
564,6,test
565,8,train
566,3,val
567,9,train
568,5,train
569,9,train
570,4,train
571,3,train
572,8,train
573,0,train
574,3,test
575,4,train
576,2,train
577,7,train
578,8,train
579,9,train
580,7,val
581,8,val
582,7,train
583,9,val
584,5,train
585,2,train
586,8,train
587,0,train
588,2,train
589,5,train
590,3,train
591,8,val
592,7,test
593,2,train
594,6,train
595,5,train
596,5,train
597,9,train
598,6,val
599,0,test
600,5,train
601,8,val
602,5,train
603,7,train
604,2,train
605,9,test
606,2,train
607,9,train
608,7,train
609,6,train
610,7,test
611,2,val
612,1,train
613,3,train
614,1,val
615,8,train
616,1,train
617,8,test
618,6,test
619,3,train
620,2,train
621,6,val
622,6,val
623,5,train
624,5,train
625,6,train
626,2,train
627,2,train
628,9,train
629,3,test
630,8,train
631,6,test
632,9,train
633,9,train
634,3,train
635,6,train
636,6,train
637,8,train
638,2,train
639,5,train
640,6,train
641,7,train
642,4,train
643,4,train
644,3,train
645,0,train
646,8,train
647,7,val
648,6,train
649,1,train
650,3,train
651,2,train
652,7,train
653,2,train
654,5,test
655,8,test
656,7,val
657,6,val
658,5,test
659,7,train
660,5,val
661,1,train
662,2,train
663,8,train
664,6,train
665,7,train
666,6,train
667,3,train
668,8,train
669,4,train
670,8,test
671,2,train
672,7,train
673,0,train
674,5,train
675,8,train
676,7,train
677,5,val
678,3,train
679,1,val
680,6,train
681,7,val
682,7,train
683,2,train
684,5,train
685,0,train
686,2,train
687,9,train
688,5,train
689,0,train
690,6,train
691,9,train
692,6,train
693,3,train
694,3,train
695,2,test
696,5,train
697,5,test
698,3,train
699,9,train
700,8,train
701,5,train
702,3,test
703,6,train
704,7,train
705,7,train
706,7,train
707,2,train
708,0,train
709,5,train
710,9,train
711,3,train
712,6,test
713,3,train
714,5,train
715,5,train
716,9,train
717,9,train
718,0,train
719,3,train
720,5,train
721,6,train
722,1,test
723,5,test
724,2,train
725,5,train
726,7,train
727,0,train
728,2,train
729,6,train
730,2,train
731,2,train
732,6,train
733,7,train
734,6,train
735,2,train
736,7,train
737,7,train
738,7,val
739,0,train
740,8,train
741,2,train
742,4,train
743,2,test
744,7,train
745,7,train
746,2,train
747,9,train
748,2,train
749,9,train
750,9,val
751,1,train
752,1,train
753,5,train
754,6,train
755,5,val
756,9,train
757,3,train
758,8,train
759,7,train
760,5,train
761,6,train
762,5,train
763,1,train
764,3,train
765,2,train
766,9,test
767,7,val
768,8,train
769,1,train
770,6,train
771,6,train
772,7,train
773,6,train
774,5,train
775,0,train
776,2,train
777,9,train
778,7,train
779,1,test
780,2,train
781,1,train
782,8,train
783,1,test
784,5,train
785,6,test
786,8,train
787,6,val
788,7,val
789,9,train
790,7,train
791,9,train
792,9,train
793,1,val
794,7,train
795,2,train
796,8,train
797,8,val
798,6,train
799,2,test
800,1,train
801,2,train
802,6,train
803,3,train
804,2,train
805,1,train
806,3,train
807,8,val
808,0,train
809,1,train
810,0,train
811,7,train
812,1,test
813,7,train
814,3,train
815,5,train
816,1,train
817,4,train
818,3,train
819,1,train
820,7,train
821,2,test
822,9,train
823,6,val
824,1,train
825,9,train
826,9,train
827,7,train
828,5,test
829,5,train
830,1,train
831,0,train
832,3,train
833,9,train
834,5,train
835,8,train
836,5,val
837,3,val
838,8,train
839,1,train
840,7,train
841,5,train
842,9,train
843,3,train
844,6,val
845,6,train
846,6,test
847,6,test
848,7,val
849,6,train
850,5,train
851,7,val
852,1,train
853,3,train
854,2,val
855,2,val
856,6,train
857,2,val
858,0,train
859,6,val
860,2,train
861,5,test
862,3,train
863,7,train
864,7,train
865,3,val
866,5,test
867,9,val
868,6,train
869,8,test
870,7,train
871,5,train
872,0,train
873,8,val
874,7,train
875,2,train
876,7,train
877,5,val
878,3,train
879,1,train
880,1,val
881,1,test
882,7,test
883,9,train
884,7,train
885,6,train
886,8,val
887,1,train
888,6,train
889,2,train
890,2,train
891,8,train
892,0,train
893,8,train
894,2,val
895,3,train
896,2,test
897,6,train
898,6,train
899,6,train
900,6,train
901,0,test
902,8,train
903,7,train
904,7,train
905,7,val
906,3,train
907,6,train
908,6,train
909,0,train
910,7,train
911,8,test
912,8,test
913,7,train
914,8,train
915,7,train
916,3,train
917,2,train
918,7,train
919,0,train
920,5,train
921,5,train
922,1,train
923,5,train
924,9,val
925,3,test
926,2,test
927,1,val
928,9,train
929,4,test
930,5,train
931,9,train
932,6,test
933,2,train
934,7,train
935,3,train
936,0,test
937,2,val
938,8,test
939,3,train
940,3,train
941,5,val
942,9,train
943,6,train
944,1,train
945,1,test
946,7,train
947,6,train
948,8,train
949,2,train
950,3,test
951,9,val
952,9,train
953,8,train
954,3,train
955,2,train
956,0,train
957,7,train
958,7,train
959,3,train
960,7,train
961,2,val
962,1,train
963,6,train
964,1,train
965,5,train
966,5,train
967,5,train
968,3,train
969,2,train
970,5,train
971,3,train
972,5,train
973,2,train
974,3,train
975,0,train
976,0,test
977,3,train
978,5,train
979,5,train
980,9,val
981,7,train
982,0,val
983,9,train
984,3,test
985,7,train
986,9,train
987,5,train
988,2,test
989,3,train
990,1,train
991,1,train
992,7,test
993,8,train
994,6,train
995,3,train
996,1,train
997,0,train
998,1,test
999,3,train
1000,0,test
1001,7,train
1002,9,train
1003,6,val
1004,9,test
1005,6,val
1006,6,train
1007,5,test
1008,3,train
1009,9,train
1010,8,test
1011,7,train
1012,9,train
1013,2,val
1014,2,train
1015,0,train
1016,3,val
1017,7,train
1018,2,val
1019,6,val
1020,9,train
1021,7,train
1022,7,train
1023,6,train
1024,1,train
1025,7,train
1026,5,test
1027,2,val
1028,6,train
1029,2,test
1030,5,train
1031,5,train
1032,3,train
1033,0,val
1034,1,train
1035,7,train
1036,7,train
1037,5,train
1038,5,train
1039,6,val
1040,7,train
1041,1,val
1042,1,train
1043,3,train
1044,7,train
1045,7,train
1046,1,test
1047,7,test
1048,0,val
1049,2,val
1050,6,train
1051,9,train
1052,9,train
1053,8,val
1054,3,train
1055,7,val
1056,9,train
1057,3,train
1058,1,train
1059,3,train
1060,7,val
1061,3,train
1062,8,train
1063,5,test
1064,7,test
1065,3,train
1066,0,test
1067,7,val
1068,8,train
1069,1,val
1070,5,val
1071,7,train
1072,2,train
1073,6,test
1074,8,train
1075,5,val
1076,3,val
1077,0,val
1078,6,test
1079,5,test
1080,2,train
1081,7,train
1082,7,test
1083,5,train
1084,9,train
1085,2,test
1086,7,train
1087,4,train
1088,8,train
1089,6,train
1090,9,train
1091,1,train
1092,3,test
1093,7,train
1094,7,test
1095,9,test
1096,6,train
1097,3,train
1098,8,train
1099,2,train
1100,6,test
1101,1,train
1102,1,train
1103,7,test
1104,7,train
1105,7,train
1106,2,train
1107,3,train
1108,2,train
1109,7,train
1110,2,train
1111,1,train
1112,1,train
1113,7,train
1114,5,train
1115,0,train
1116,3,train
1117,5,train
1118,4,test
1119,0,train
1120,2,train
1121,9,test
1122,6,test
1123,6,train
1124,7,test
1125,2,train
1126,2,val
1127,7,val
1128,5,train
1129,0,test
1130,9,train
1131,6,val
1132,9,train
1133,3,train
1134,5,train
1135,0,train
1136,5,train
1137,4,val
1138,3,train
1139,2,train
1140,3,train
1141,7,train
1142,2,train
1143,7,train
1144,7,val
1145,5,test
1146,6,train
1147,8,train
1148,2,train
1149,8,val
1150,0,test
1151,9,train
1152,6,val
1153,5,train
1154,6,train
1155,1,train
1156,5,train
1157,5,train
1158,9,train
1159,8,train
1160,9,train
1161,0,train
1162,7,train
1163,2,val
1164,2,test
1165,5,train
1166,9,train
1167,8,train
1168,7,test
1169,9,val
1170,5,train
1171,8,train
1172,5,train
1173,2,train
1174,2,train
1175,6,train
1176,3,test
1177,3,train
1178,2,train
1179,7,train
1180,8,train
1181,3,test
1182,5,train
1183,2,train
1184,6,train
1185,7,train
1186,0,val
1187,1,test
1188,2,train
1189,9,train
1190,2,train
1191,3,train
1192,2,val
1193,2,train
1194,1,train
1195,5,train
1196,1,train
1197,1,train
1198,2,train
1199,6,train
1200,5,train
1201,6,test
1202,2,train
1203,3,train
1204,3,train
1205,7,val
1206,8,test
1207,2,val
1208,2,train
1209,3,train
1210,7,train
1211,3,train
1212,2,train
1213,1,train
1214,8,train
1215,0,val
1216,8,val
1217,7,train
1218,8,train
1219,5,train
1220,3,val
1221,1,train
1222,7,train
1223,5,train
1224,7,test
1225,5,val
1226,5,test
1227,8,train
1228,5,train
1229,5,train
1230,2,train
1231,5,train
1232,7,train
1233,2,train
1234,1,train
1235,5,train
1236,5,train
1237,5,train
1238,5,test
1239,2,train
1240,6,test
1241,2,train
1242,7,val
1243,9,val
1244,2,val
1245,9,test
1246,6,train
1247,2,train
1248,7,train
1249,0,train
1250,6,train
1251,2,val
1252,7,val
1253,2,val
1254,2,val
1255,9,train
1256,8,train
1257,3,train
1258,2,train
1259,5,test
1260,7,val
1261,5,train
1262,7,train
1263,6,train
1264,1,train
1265,7,train
1266,3,test
1267,3,train
1268,3,train
1269,7,test
1270,3,train
1271,8,train
1272,0,val
1273,1,val
1274,6,val
1275,2,test
1276,1,train
1277,7,train
1278,7,train
1279,8,train
1280,3,train
1281,9,train
1282,2,train
1283,9,train
1284,1,val
1285,7,train
1286,6,train
1287,1,train
1288,0,test
1289,2,val
1290,0,train
1291,2,train
1292,3,train
1293,2,train
1294,7,train
1295,0,train
1296,5,train
1297,7,val
1298,3,train
1299,9,train
1300,1,train
1301,1,train
1302,1,train
1303,3,test
1304,1,val
1305,7,train
1306,2,train
1307,1,val
1308,2,train
1309,5,train
1310,6,val
1311,4,val
1312,7,train
1313,2,test
1314,6,train
1315,2,train
1316,8,train
1317,3,train
1318,0,train
1319,9,train
1320,9,test
1321,8,train
1322,1,train
1323,9,train
1324,6,train
1325,7,train
1326,6,test
1327,2,test
1328,5,train
1329,8,train
1330,6,train
1331,0,val
1332,9,test
1333,0,train
1334,8,train
1335,9,val
1336,0,train
1337,7,train
1338,3,train
1339,7,train
1340,5,test
1341,6,train
1342,1,train
1343,2,train
1344,1,train
1345,2,train
1346,8,train
1347,2,train
1348,3,train
1349,8,test
1350,3,train
1351,6,train
1352,7,train
1353,2,test
1354,7,val
1355,9,test
1356,2,val
1357,1,val
1358,1,train
1359,9,train
1360,9,train
1361,0,val
1362,1,train
1363,9,test
1364,0,train
1365,7,train
1366,3,test
1367,9,train
1368,8,train
1369,8,train
1370,3,train
1371,7,test
1372,5,val
1373,3,val
1374,7,train
1375,8,train
1376,6,train
1377,6,train
1378,7,train
1379,7,test
1380,0,train
1381,1,val
1382,7,train
1383,3,test
1384,8,train
1385,3,val
1386,7,test
1387,1,train
1388,8,train
1389,1,train
1390,2,train
1391,1,test
1392,3,train
1393,9,val
1394,8,train
1395,8,train
1396,6,val
1397,3,train
1398,7,train
1399,3,train
1400,1,train
1401,2,test
1402,2,train
1403,1,test
1404,2,train
1405,6,train
1406,1,train
1407,5,train
1408,7,train
1409,2,train
1410,6,val
1411,7,train
1412,7,train
1413,1,train
1414,1,train
1415,7,val
1416,2,train
1417,2,train
1418,3,train
1419,9,train
1420,4,train
1421,2,train
1422,0,train
1423,8,train
1424,7,train
1425,9,val
1426,1,train
1427,2,train
1428,5,train
1429,2,test
1430,5,train
1431,3,train
1432,7,train
1433,1,train
1434,7,val
1435,6,val
1436,1,train
1437,2,train
1438,4,train
1439,0,train
1440,5,train
1441,0,train
1442,1,train
1443,6,train
1444,9,train
1445,7,val
1446,9,train
1447,9,train
1448,8,val
1449,6,train
1450,5,val
1451,6,train
1452,8,train
1453,0,train
1454,5,test
1455,9,train
1456,5,test
1457,8,train
1458,1,val
1459,2,train
1460,0,val
1461,5,val
1462,8,train
1463,6,train
1464,3,val
1465,2,train
1466,5,train
1467,2,train
1468,2,train
1469,9,train
1470,6,train
1471,5,val
1472,3,train
1473,2,train
1474,0,test
1475,3,val
1476,7,train
1477,7,train
1478,9,train
1479,1,test
1480,3,train
1481,0,train
1482,9,train
1483,8,test
1484,1,train
1485,7,train
1486,2,train
1487,7,train
1488,8,train
1489,9,test
1490,9,train
1491,8,train
1492,2,train
1493,1,test
1494,2,train
1495,2,train
1496,1,val
1497,7,val
1498,3,train
1499,7,val
1500,3,train
1501,3,train
1502,3,test
1503,0,train
1504,2,train
1505,8,train
1506,2,val
1507,5,train
1508,5,train
1509,9,val
1510,6,test
1511,2,train
1512,7,train
1513,9,val
1514,7,train
1515,7,train
1516,7,train
1517,7,train
1518,2,val
1519,9,train
1520,0,train
1521,8,train
1522,0,train
1523,2,train
1524,8,val
1525,1,train
1526,3,train
1527,1,train
1528,7,test
1529,5,train
1530,7,test
1531,9,val
1532,2,train
1533,6,train
1534,3,train
1535,9,train
1536,0,test
1537,9,train
1538,7,train
1539,2,train
1540,5,test
1541,2,train
1542,6,train
1543,2,train
1544,6,train
1545,0,train
1546,5,train
1547,8,train
1548,2,train
1549,1,train
1550,5,train
1551,6,train
1552,9,train
1553,7,train
1554,8,train
1555,7,train
1556,2,test
1557,4,train
1558,6,train
1559,2,train
1560,1,train
1561,9,train
1562,2,train
1563,6,train
1564,2,train
1565,8,train
1566,0,val
1567,0,val
1568,9,train
1569,5,train
1570,5,val
1571,9,train
1572,2,train
1573,1,train
1574,5,train
1575,2,train
1576,5,train
1577,5,train
1578,2,train
1579,3,test
1580,3,train
1581,7,train
1582,5,val
1583,3,train
1584,7,train
1585,1,train
1586,8,train
1587,8,train
1588,2,train
1589,6,train
1590,1,test
1591,7,train
1592,9,train
1593,0,train
1594,1,train
1595,7,train
1596,4,train
1597,6,test
1598,6,val
1599,2,train
1600,8,train
1601,0,train
1602,8,train
1603,9,test
1604,8,test
1605,5,train
1606,2,train
1607,2,test
1608,5,train
1609,2,val
1610,1,train
1611,0,val
1612,3,val
1613,7,train
1614,9,train
1615,8,val
1616,7,val
1617,8,train
1618,7,train
1619,2,train
1620,2,train
1621,5,val
1622,7,train
1623,1,test
1624,1,val
1625,8,train
1626,5,train
1627,2,train
1628,7,train
1629,8,train
1630,5,train
1631,1,train
1632,0,val
1633,7,train
1634,9,train
1635,5,train
1636,2,train
1637,0,train
1638,1,train
1639,9,train
1640,8,train
1641,0,train
1642,8,train
1643,2,train
1644,3,test
1645,1,train
1646,3,train
1647,8,train
1648,6,train
1649,1,train
1650,5,test
1651,7,test
1652,6,train
1653,0,train
1654,2,train
1655,3,test
1656,5,train
1657,9,train
1658,3,train
1659,5,train
1660,7,train
1661,6,train
1662,7,test
1663,7,train
1664,2,val
1665,3,train
1666,7,train
1667,2,train
1668,7,train
1669,7,train
1670,7,val
1671,8,train
1672,9,train
1673,0,train
1674,2,train
1675,2,test
1676,6,test
1677,9,train
1678,9,train
1679,5,train
1680,8,train
1681,9,test
1682,2,val
1683,5,train
1684,8,train
1685,9,train
1686,2,val
1687,7,train
1688,0,train
1689,7,train
1690,5,train
1691,8,train
1692,3,train
1693,5,train
1694,6,train
1695,1,train
1696,1,train
1697,6,test
1698,3,test
1699,8,train
1700,3,train
1701,8,train
1702,7,train
1703,3,train
1704,9,val
1705,5,train
1706,2,val
1707,1,train
1708,9,train
1709,7,train
1710,6,train
1711,7,train
1712,3,train
1713,3,train
1714,8,test
1715,1,train
1716,5,train
1717,7,train
1718,3,val
1719,1,val
1720,6,val
1721,9,train
1722,5,val
1723,7,train
1724,2,val
1725,5,train
1726,4,train
1727,7,train
1728,0,train
1729,9,train
1730,2,train
1731,2,train
1732,7,val
1733,4,val
1734,7,train
1735,7,train
1736,2,test
1737,8,test
1738,1,train
1739,5,train
1740,1,train
1741,5,train
1742,1,train
1743,8,val
1744,5,train
1745,6,train
1746,6,train
1747,1,train
1748,5,train
1749,3,train
1750,1,train
1751,0,train
1752,7,val
1753,6,train
1754,7,train
1755,1,train
1756,7,train
1757,1,train
1758,2,train
1759,9,train
1760,1,train
1761,1,train
1762,3,val
1763,0,val
1764,2,train
1765,5,train
1766,5,train
1767,7,train
1768,7,train
1769,8,train
1770,1,test
1771,8,train
1772,9,train
1773,8,val
1774,7,train
1775,6,train
1776,3,train
1777,2,train
1778,7,train
1779,1,test
1780,7,val
1781,6,train
1782,3,train
1783,1,val
1784,0,train
1785,1,val
1786,8,train
1787,2,train
1788,6,train
1789,5,train
1790,9,train
1791,9,val
1792,9,val
1793,0,train
1794,3,train
1795,5,train
1796,2,train
1797,1,train
1798,6,train
1799,3,train
1800,8,val
1801,2,train
1802,2,train
1803,3,val
1804,5,train
1805,7,train
1806,7,test
1807,7,train
1808,6,test
1809,3,train
1810,2,train
1811,0,val
1812,9,train
1813,5,train
1814,3,val
1815,3,test
1816,5,train
1817,6,test
1818,0,test
1819,9,train
1820,7,train
1821,7,train
1822,6,train
1823,0,train
1824,7,train
1825,2,test
1826,3,test
1827,2,train
1828,2,train
1829,1,train
1830,8,train
1831,2,test
1832,9,train
1833,0,val
1834,9,train
1835,2,train
1836,0,train
1837,8,train
1838,7,train
1839,3,train
1840,9,val
1841,1,test
1842,2,train
1843,3,train
1844,5,train
1845,9,train
1846,8,test
1847,5,test
1848,3,val
1849,2,train
1850,8,train
1851,8,train
1852,7,train
1853,5,train
1854,7,val
1855,0,train
1856,6,test
1857,5,train
1858,7,train
1859,7,val
1860,2,train
1861,0,test
1862,2,train
1863,5,train
1864,0,train
1865,7,train
1866,9,test
1867,3,val
1868,8,train
1869,5,test
1870,7,val
1871,0,train
1872,1,train
1873,9,val
1874,6,train
1875,9,train
1876,9,val
1877,7,train
1878,5,train
1879,3,train
1880,1,train
1881,1,train
1882,7,train
1883,2,train
1884,1,val
1885,3,val
1886,3,train
1887,7,train
1888,7,train
1889,7,train
1890,2,train
1891,2,train
1892,5,test
1893,7,train
1894,3,train
1895,8,train
1896,3,train
1897,9,train
1898,7,val
1899,2,train
1900,1,train
1901,6,train
1902,6,train
1903,6,train
1904,1,train
1905,7,train
1906,4,val
1907,8,val
1908,7,train
1909,7,train
1910,7,train
1911,2,train
1912,7,train
1913,1,val
1914,6,train
1915,2,val
1916,4,train
1917,7,train
1918,6,train
1919,7,val
1920,2,train
1921,9,train
1922,2,train
1923,5,val
1924,9,test
1925,9,train
1926,5,train
1927,7,train
1928,7,train
1929,0,train
1930,5,test
1931,3,train
1932,8,train
1933,8,val
1934,1,test
1935,2,train
1936,9,train
1937,7,train
1938,7,test
1939,3,train
1940,9,train
1941,1,val
1942,8,train
1943,8,train
1944,9,train
1945,2,train
1946,3,test
1947,0,train
1948,2,test
1949,2,train
1950,2,train
1951,2,test
1952,6,train
1953,9,train
1954,3,train
1955,9,train
1956,7,test
1957,9,train
1958,3,train
1959,9,test
1960,5,val
1961,4,test
1962,5,train
1963,9,test
1964,3,train
1965,8,test
1966,3,train
1967,8,train
1968,5,train
1969,5,train
1970,1,train
1971,5,train
1972,9,train
1973,3,train
1974,8,val
1975,7,train
1976,1,test
1977,3,train
1978,5,val
1979,1,val
1980,0,train
1981,7,train
1982,5,val
1983,7,val
1984,1,val
1985,2,train
1986,5,train
1987,2,val
1988,1,test
1989,6,train
1990,6,val
1991,7,train
1992,2,val
1993,6,val
1994,7,val
1995,1,test
1996,5,train
1997,4,test
1998,7,train
1999,1,train
2000,9,test
2001,1,train
2002,2,train
2003,9,train
2004,9,val
2005,2,test
2006,8,train
2007,3,train
2008,2,train
2009,7,test
2010,0,val
2011,1,train
2012,9,val
2013,2,train
2014,3,val
2015,8,train
2016,6,train
2017,2,val
2018,1,train
2019,3,train
2020,2,train
2021,7,val
2022,2,train
2023,3,train
2024,8,train
2025,2,train
2026,6,val
2027,9,train
2028,7,train
2029,9,train
2030,1,train
2031,7,train
2032,3,train
2033,7,train
2034,3,train
2035,9,test
2036,5,val
2037,2,val
2038,3,train
2039,1,train
2040,7,val
2041,3,train
2042,7,train
2043,2,train
2044,1,val
2045,0,train
2046,5,train
2047,6,train
2048,0,train
2049,3,train
2050,9,train
2051,1,train
2052,1,train
2053,1,train
2054,7,val
2055,8,test
2056,7,train
2057,1,train
2058,2,train
2059,3,train
2060,6,train
2061,3,train
2062,3,train
2063,3,train
2064,5,val
2065,1,train
2066,8,train
2067,0,train
2068,6,train
2069,5,train
2070,1,test
2071,7,val
2072,7,train
2073,2,train
2074,9,train
2075,9,train
2076,2,train
2077,0,train
2078,1,train
2079,0,val
2080,8,train
2081,2,train
2082,2,train
2083,5,train
2084,9,train
2085,7,test
2086,8,train
2087,5,train
2088,5,val
2089,1,train
2090,8,test
2091,7,train
2092,1,val
2093,6,test
2094,2,train
2095,7,train
2096,7,val
2097,9,train
2098,4,train
2099,0,train
2100,1,train
2101,5,train
2102,6,test
2103,2,train
2104,3,test
2105,8,train
2106,2,train
2107,3,test
2108,7,val
2109,3,train
2110,4,train
2111,3,train
2112,3,train
2113,6,train
2114,0,train
2115,1,val
2116,7,val
2117,6,train
2118,7,train
2119,2,train
2120,6,train
2121,1,train
2122,8,val
2123,2,test
2124,3,test
2125,5,train
2126,1,val
2127,5,test
2128,0,val
2129,1,train
2130,1,train
2131,5,train
2132,7,train
2133,8,val
2134,8,train
2135,9,train
2136,2,test
2137,3,train
2138,5,train
2139,6,test
2140,5,val
2141,5,train
2142,2,train
2143,6,val
2144,5,train
2145,5,train
2146,7,val
2147,6,train
2148,5,train
2149,4,train
2150,0,train
2151,2,test
2152,2,train
2153,6,val
2154,5,val
2155,0,train
2156,8,train
2157,2,train
2158,6,train
2159,5,train
2160,3,test
2161,6,train
2162,2,train
2163,2,train
2164,3,test
2165,6,train
2166,2,val
2167,5,train
2168,3,train
2169,0,train
2170,1,train
2171,2,train
2172,3,val
2173,0,val
2174,3,train
2175,9,train
2176,2,test
2177,6,val
2178,4,test
2179,6,train
2180,6,train
2181,5,train
2182,5,val
2183,8,train
2184,0,train
2185,4,test
2186,1,train
2187,0,train
2188,8,train
2189,6,train
2190,7,train
2191,4,test
2192,2,val
2193,7,train
2194,8,train
2195,4,train
2196,0,train
2197,4,train
2198,1,train
2199,3,train
2200,5,train
2201,8,val
2202,2,train
2203,0,train
2204,6,train
2205,6,train
2206,5,train
2207,1,train
2208,2,train
2209,8,train
2210,8,val
2211,9,val
2212,3,train
2213,9,train
2214,9,train
2215,2,test
2216,1,test
2217,2,train
2218,8,train
2219,1,train
2220,5,train
2221,5,train
2222,0,train
2223,1,val
2224,6,val
2225,2,train
2226,3,train
2227,8,train
2228,6,val
2229,7,train
2230,5,val
2231,7,val
2232,3,train
2233,8,val
2234,0,test
2235,3,train
2236,7,test
2237,5,train
2238,9,train
2239,1,val
2240,7,train
2241,7,test
2242,7,train
2243,3,train
2244,3,val
2245,3,train
2246,9,test
2247,9,train
2248,5,test
2249,3,val
2250,9,train
2251,7,val
2252,7,train
2253,1,train
2254,2,val
2255,7,train
2256,6,train
2257,5,test
2258,3,train
2259,1,val
2260,5,train
2261,2,val
2262,2,train
2263,7,train
2264,8,test
2265,5,train
2266,5,train
2267,0,test
2268,1,val
2269,0,val
2270,7,test
2271,9,train
2272,1,train
2273,5,train
2274,0,train
2275,5,train
2276,6,train
2277,7,test
2278,1,test
2279,7,val
2280,1,train
2281,6,train
2282,5,val
2283,6,train
2284,5,train
2285,6,train
2286,6,test
2287,9,train
2288,7,train
2289,7,train
2290,5,train
2291,1,train
2292,7,train
2293,1,train
2294,2,test
2295,8,test
2296,2,val
2297,0,train
2298,2,test
2299,9,val
2300,1,train
2301,0,test
2302,3,train
2303,0,train
2304,8,test
2305,3,train
2306,6,train
2307,7,train
2308,3,test
2309,2,train
2310,6,train
2311,6,train
2312,2,train
2313,9,test
2314,5,val
2315,7,train
2316,7,train
2317,9,val
2318,2,train
2319,0,train
2320,8,train
2321,5,train
2322,1,train
2323,7,val
2324,6,train
2325,7,test
2326,6,train
2327,6,train
2328,2,train
2329,6,test
2330,5,train
2331,0,train
2332,7,test
2333,1,train
2334,5,test
2335,1,train
2336,2,train
2337,5,val
2338,9,val
2339,9,train
2340,2,train
2341,8,train
2342,0,train
2343,7,train
2344,7,train
2345,3,train
2346,9,train
2347,2,test
2348,9,train
2349,7,train
2350,2,train
2351,2,train
2352,3,train
2353,3,train
2354,1,test
2355,3,train
2356,3,train
2357,1,train
2358,3,val
2359,2,train
2360,5,val
2361,5,train
2362,3,train
2363,5,train
2364,7,train
2365,0,train
2366,9,train
2367,3,train
2368,1,val
2369,8,train
2370,5,train
2371,9,train
2372,5,train
2373,8,train
2374,2,train
2375,5,train
2376,6,test
2377,9,train
2378,1,train
2379,9,train
2380,3,train
2381,3,train
2382,3,train
2383,8,test
2384,5,val
2385,1,train
2386,5,train
2387,9,test
2388,1,val
2389,0,train
2390,5,train
2391,9,train
2392,2,val
2393,7,train
2394,7,train
2395,7,train
2396,8,val
2397,9,train
2398,9,train
2399,6,train
2400,1,train
2401,3,train
2402,1,train
2403,7,train
2404,7,train
2405,2,test
2406,9,train
2407,2,val
2408,5,val
2409,1,train
2410,7,train
2411,7,train
2412,5,train
2413,8,test
2414,8,train
2415,1,val
2416,9,train
2417,5,train
2418,7,test
2419,3,val
2420,5,val
2421,9,test
2422,8,train
2423,9,train
2424,5,train
2425,8,train
2426,2,test
2427,6,train
2428,0,train
2429,2,train
2430,9,val
2431,1,test
2432,4,train
2433,3,val
2434,9,train
2435,3,train
2436,7,val
2437,9,train
2438,7,train
2439,6,train
2440,3,train
2441,7,test
2442,6,train
2443,7,val
2444,7,train
2445,0,train
2446,2,train
2447,4,val
2448,2,val
2449,1,val
2450,1,train
2451,8,val
2452,8,train
2453,5,val
2454,7,train
2455,5,train
2456,5,val
2457,2,train
2458,5,val
2459,9,val
2460,8,train
2461,3,val
2462,4,train
2463,7,val
2464,9,train
2465,7,train
2466,7,train
2467,1,train
2468,5,test
2469,1,train
2470,7,train
2471,8,train
2472,1,train
2473,9,train
2474,9,val
2475,8,train
2476,3,train
2477,9,train
2478,9,train
2479,6,train
2480,5,train
2481,0,train
2482,0,test
2483,1,train
2484,5,test
2485,1,train
2486,7,train
2487,7,train
2488,1,val
2489,9,val
2490,2,train
2491,8,train
2492,1,train
2493,0,train
2494,3,train
2495,7,train
2496,9,train
2497,5,train
2498,7,test
2499,3,test
2500,7,val
2501,0,train
2502,7,train
2503,9,train
2504,7,train
2505,2,train
2506,7,train
2507,5,train
2508,3,train
2509,1,test
2510,9,train
2511,2,train
2512,1,test
2513,1,val
2514,6,train
2515,2,test
2516,6,val
2517,5,test
2518,6,train
2519,9,train
2520,2,test
2521,8,val
2522,7,train
2523,7,train
2524,9,val
2525,7,train
2526,7,train
2527,2,test
2528,9,train
2529,0,train
2530,3,train
2531,8,train
2532,5,train
2533,6,train
2534,1,train
2535,2,train
2536,6,train
2537,5,train
2538,4,train
2539,8,test
2540,2,train
2541,3,train
2542,5,train
2543,3,train
2544,3,train
2545,7,train
2546,8,train
2547,2,test
2548,8,train
2549,6,train
2550,9,val
2551,4,train
2552,6,test
2553,2,train
2554,2,val
2555,6,train
2556,3,train
2557,9,train
2558,8,train
2559,2,train
2560,0,train
2561,2,val
2562,9,train
2563,7,train
2564,7,train
2565,0,test
2566,7,train
2567,0,train
2568,9,train
2569,2,val
2570,6,val
2571,2,test
2572,2,train
2573,0,test
2574,7,test
2575,7,train
2576,9,train
2577,9,train
2578,3,train
2579,2,val
2580,1,train
2581,6,train
2582,8,val
2583,5,train
2584,7,val
2585,5,train
2586,9,train
2587,8,train
2588,3,train
2589,4,train
2590,3,train
2591,6,test
2592,1,train
2593,7,val
2594,1,train
2595,4,val
2596,7,train
2597,0,train
2598,1,train
2599,7,train
2600,7,train
2601,1,train
2602,9,train
2603,6,test
2604,2,train
2605,2,train
2606,3,train
2607,9,train
2608,3,train
2609,7,train
2610,2,train
2611,7,test
2612,3,train
2613,3,train
2614,7,train
2615,4,train
2616,1,val
2617,9,test
2618,9,train
2619,7,train
2620,5,val
2621,5,val
2622,5,val
2623,5,train
2624,1,train
2625,2,train
2626,9,train
2627,1,test
2628,0,val
2629,9,train
2630,9,val
2631,3,val
2632,7,train
2633,2,train
2634,7,val
2635,0,train
2636,8,val
2637,7,train
2638,6,train
2639,2,val
2640,8,test
2641,1,test
2642,6,train
2643,2,train
2644,8,val
2645,2,test
2646,3,test
2647,0,test
2648,2,train
2649,6,test
2650,8,train
2651,3,val
2652,9,train
2653,2,train
2654,7,val
2655,0,train
2656,7,train
2657,6,train
2658,5,train
2659,6,test
2660,4,val
2661,7,test
2662,5,val
2663,6,val
2664,7,val
2665,9,train
2666,7,train
2667,9,train
2668,3,train
2669,7,test
2670,5,train
2671,5,test
2672,2,train
2673,7,val
2674,6,train
2675,6,test
2676,2,train
2677,8,train
2678,1,train
2679,7,train
2680,6,val
2681,8,train
2682,0,val
2683,6,test
2684,2,train
2685,7,train
2686,3,train
2687,8,train
2688,2,val
2689,6,train
2690,2,test
2691,2,train
2692,3,train
2693,9,train
2694,6,train
2695,7,train
2696,6,train
2697,6,train
2698,6,val
2699,0,val
2700,1,train
2701,5,train
2702,5,train
2703,6,train
2704,3,train
2705,8,test
2706,7,val
2707,2,train
2708,5,train
2709,2,train
2710,5,train
2711,8,train
2712,1,train
2713,9,train
2714,5,train
2715,2,train
2716,3,train
2717,7,val
2718,9,val
2719,2,train
2720,0,train
2721,5,train
2722,7,test
2723,0,train
2724,8,test
2725,6,train
2726,3,train
2727,1,train
2728,7,train
2729,6,train
2730,2,train
2731,6,train
2732,8,train
2733,9,train
2734,1,train
2735,0,train
2736,2,test
2737,5,train
2738,5,test
2739,8,train
2740,0,train
2741,0,test
2742,8,train
2743,2,test
2744,0,train
2745,3,train
2746,5,val
2747,7,train
2748,2,train
2749,0,train
2750,0,test
2751,8,train
2752,7,val
2753,5,test
2754,7,train
2755,9,train
2756,2,train
2757,8,test
2758,7,train
2759,8,test
2760,7,train
2761,3,val
2762,6,train
2763,2,train
2764,8,train
2765,6,test
2766,3,train
2767,9,train
2768,6,train
2769,2,val
2770,7,train
2771,0,train
2772,5,val
2773,3,val
2774,2,train
2775,9,train
2776,2,train
2777,1,val
2778,7,train
2779,3,train
2780,6,train
2781,5,val
2782,1,train
2783,9,test
2784,9,val
2785,8,val
2786,7,train
2787,3,train
2788,2,val
2789,7,train
2790,8,train
2791,5,val
2792,3,val
2793,6,train
2794,0,train
2795,9,val
2796,9,train
2797,1,val
2798,2,test
2799,2,train
2800,3,train
2801,2,train
2802,0,train
2803,0,val
2804,5,val
2805,2,train
2806,2,test
2807,8,test
2808,2,train
2809,2,train
2810,0,train
2811,7,val
2812,1,train
2813,0,train
2814,1,train
2815,5,train
2816,6,train
2817,6,train
2818,7,val
2819,9,train
2820,7,test
2821,9,train
2822,2,train
2823,7,train
2824,8,train
2825,8,train
2826,6,train
2827,7,train
2828,0,train
2829,2,train
2830,7,test
2831,5,test
2832,3,train
2833,6,train
2834,6,val
2835,9,train
2836,8,test
2837,6,train
2838,1,train
2839,5,train
2840,2,test
2841,0,train
2842,4,val
2843,5,train
2844,1,train
2845,0,val
2846,3,train
2847,1,test
2848,7,train
2849,2,test
2850,7,train
2851,1,train
2852,7,test
2853,5,test
2854,3,train
2855,5,train
2856,3,train
2857,9,train
2858,3,train
2859,2,train
2860,0,train
2861,9,train
2862,3,val
2863,6,train
2864,1,test
2865,9,train
2866,9,test
2867,2,train
2868,0,test
2869,9,train
2870,1,test
2871,6,train
2872,7,train
2873,7,train
2874,5,val
2875,8,train
2876,3,test
2877,7,train
2878,0,train
2879,3,train
2880,5,train
2881,2,test
2882,5,train
2883,6,train
2884,9,train
2885,3,train
2886,9,train
2887,3,test
2888,5,train
2889,2,train
2890,7,test
2891,3,train
2892,8,train
2893,2,train
2894,1,train
2895,7,train
2896,9,train
2897,9,train
2898,9,train
2899,6,test
2900,1,test
2901,9,val
2902,8,val
2903,9,train
2904,1,train
2905,7,train
2906,9,train
2907,3,train
2908,3,train
2909,3,train
2910,7,val
2911,0,test
2912,9,train
2913,7,test
2914,6,train
2915,7,test
2916,7,val
2917,5,train
2918,0,train
2919,6,train
2920,7,train
2921,0,train
2922,7,test
2923,2,train
2924,8,train
2925,6,train
2926,5,train
2927,9,test
2928,5,test
2929,9,val
2930,6,train
2931,5,train
2932,2,val
2933,5,test
2934,3,train
2935,5,test
2936,6,test
2937,9,train
2938,7,train
2939,1,train
2940,7,train
2941,1,train
2942,1,val
2943,2,train
2944,0,val
2945,1,val
2946,6,train
2947,0,train
2948,2,train
2949,7,test
2950,5,val
2951,7,train
2952,1,test
2953,5,train
2954,2,train
2955,7,train
2956,8,train
2957,8,train
2958,7,train
2959,5,train
2960,7,val
2961,9,val
2962,3,train
2963,7,train
2964,2,val
2965,9,val
2966,2,train
2967,6,train
2968,2,train
2969,5,train
2970,3,test
2971,2,train
2972,3,train
2973,7,train
2974,5,train
2975,3,test
2976,0,val
2977,7,test
2978,7,train
2979,6,test
2980,5,train
2981,6,val
2982,6,val
2983,6,train
2984,5,test
2985,5,test
2986,2,train
2987,1,train
2988,5,train
2989,2,test
2990,5,train
2991,2,train
2992,5,train
2993,8,train
2994,2,test
2995,2,val
2996,9,val
2997,9,train
2998,1,train
2999,7,val
3000,7,train
3001,6,val
3002,9,train
3003,8,val
3004,6,train
3005,7,train
3006,2,val
3007,3,train
3008,8,train
3009,9,train
3010,2,train
3011,5,train
3012,2,val
3013,4,train
3014,2,test
3015,0,train
3016,2,train
3017,5,train
3018,5,train
3019,7,train
3020,6,train
3021,6,val
3022,9,test
3023,7,train
3024,9,train
3025,1,train
3026,7,train
3027,2,train
3028,1,train
3029,9,train
3030,9,test
3031,2,train
3032,6,train
3033,2,train
3034,2,test
3035,5,test
3036,8,train
3037,5,val
3038,3,train
3039,7,test
3040,3,val
3041,3,train
3042,7,train
3043,2,train
3044,7,train
3045,6,train
3046,2,train
3047,2,train
3048,1,train
3049,2,train
3050,1,train
3051,7,val
3052,5,train
3053,1,test
3054,9,test
3055,3,train
3056,9,test
3057,2,test
3058,2,train
3059,7,test
3060,3,train
3061,9,train
3062,5,train
3063,7,train
3064,9,test
3065,6,train
3066,0,test
3067,8,train
3068,0,train
3069,6,train
3070,1,val
3071,5,train
3072,2,train
3073,9,val
3074,6,train
3075,7,train
3076,5,train
3077,3,train
3078,9,train
3079,8,train
3080,9,train
3081,8,test
3082,6,train
3083,3,train
3084,5,train
3085,7,train
3086,5,test
3087,6,train
3088,2,test
3089,7,train
3090,9,train
3091,7,test
3092,8,train
3093,5,train
3094,7,train
3095,0,train
3096,1,train
3097,0,train
3098,9,val
3099,6,train
3100,7,test
3101,2,train
3102,6,train
3103,2,test
3104,1,train
3105,7,train
3106,1,test
3107,6,train
3108,6,train
3109,3,train
3110,0,train
3111,3,val
3112,3,val
3113,0,val
3114,2,train
3115,7,val
3116,3,val
3117,2,train
3118,4,train
3119,3,train
3120,5,val
3121,4,test
3122,6,train
3123,3,train
3124,9,train
3125,5,train
3126,5,val
3127,1,test
3128,5,test
3129,1,train
3130,1,train
3131,5,train
3132,9,train
3133,6,train
3134,9,train
3135,6,test
3136,1,train
3137,9,train
3138,4,train
3139,5,val
3140,2,val
3141,9,val
3142,6,train
3143,2,train
3144,8,val
3145,6,train
3146,2,train
3147,3,train
3148,9,test
3149,5,train
3150,7,train
3151,4,test
3152,6,train
3153,5,train
3154,7,test
3155,6,train
3156,3,test
3157,2,train
3158,8,train
3159,1,train
3160,7,test
3161,2,train
3162,5,train
3163,2,train
3164,8,test
3165,2,test
3166,3,train
3167,1,train
3168,7,train
3169,6,train
3170,6,train
3171,7,train
3172,1,train
3173,5,train
3174,2,train
3175,7,val
3176,2,train
3177,2,train
3178,7,train
3179,5,test
3180,5,train
3181,9,train
3182,0,train
3183,6,train
3184,1,test
3185,8,train
3186,2,train
3187,7,test
3188,0,val
3189,3,val
3190,6,train
3191,8,val
3192,7,test
3193,4,test
3194,2,train
3195,7,train
3196,8,train
3197,2,train
3198,5,test
3199,8,train
3200,6,train
3201,2,train
3202,9,train
3203,7,train
3204,1,test
3205,7,train
3206,7,train
3207,9,train
3208,7,train
3209,2,train
3210,3,train
3211,5,train
3212,9,train
3213,5,train
3214,1,train
3215,3,train
3216,9,train
3217,0,test
3218,7,train
3219,3,train
3220,5,train
3221,3,train
3222,3,train
3223,2,train
3224,5,train
3225,2,train
3226,6,train
3227,4,train
3228,0,train
3229,1,train
3230,5,train
3231,5,train
3232,9,train
3233,7,train
3234,2,train
3235,1,train
3236,1,train
3237,7,train
3238,5,train
3239,3,train
3240,8,train
3241,3,train
3242,0,train
3243,2,train
3244,7,train
3245,1,train
3246,6,train
3247,3,test
3248,3,test
3249,1,train
3250,0,test
3251,1,train
3252,7,train
3253,3,train
3254,1,train
3255,9,train
3256,8,val
3257,4,train
3258,6,train
3259,9,train
3260,7,val
3261,9,train
3262,2,train
3263,9,train
3264,7,train
3265,9,train
3266,5,train
3267,7,train
3268,4,train
3269,5,val
3270,1,train
3271,7,test
3272,7,train
3273,7,train
3274,8,test
3275,7,test
3276,8,train
3277,4,train
3278,3,train
3279,7,train
3280,7,train
3281,5,train
3282,5,val
3283,5,val
3284,2,train
3285,8,train
3286,5,val
3287,6,train
3288,2,train
3289,7,train
3290,7,train
3291,1,train
3292,3,val
3293,2,val
3294,0,train
3295,2,train
3296,8,train
3297,2,train
3298,6,train
3299,9,test
3300,2,test
3301,5,train
3302,3,val
3303,1,train
3304,2,test
3305,2,train
3306,9,train
3307,6,test
3308,7,train
3309,7,test
3310,2,train
3311,9,test
3312,0,train
3313,2,train
3314,2,test
3315,0,train
3316,6,train
3317,7,train
3318,1,val
3319,7,train
3320,8,train
3321,0,train
3322,2,train
3323,7,train
3324,1,train
3325,0,test
3326,7,train
3327,5,train
3328,5,train
3329,5,train
3330,3,train
3331,7,test
3332,6,val
3333,3,train
3334,6,train
3335,8,train
3336,2,train
3337,3,test
3338,2,train
3339,5,train
3340,2,test
3341,2,train
3342,6,train
3343,7,val
3344,7,test
3345,8,train
3346,2,train
3347,6,train
3348,1,train
3349,6,val
3350,9,train
3351,5,train
3352,7,train
3353,2,train
3354,2,val
3355,7,train
3356,3,train
3357,7,train
3358,9,train
3359,3,train
3360,6,train
3361,2,val
3362,5,train
3363,5,val
3364,2,train
3365,1,train
3366,7,train
3367,5,train
3368,6,train
3369,0,train
3370,9,test
3371,9,train
3372,2,test
3373,9,train
3374,7,test
3375,1,test
3376,7,train
3377,9,train
3378,5,train
3379,2,train
3380,2,train
3381,0,test
3382,2,train
3383,9,train
3384,1,train
3385,5,train
3386,0,test
3387,5,train
3388,9,train
3389,6,train
3390,1,train
3391,7,train
3392,5,train
3393,3,val
3394,3,train
3395,9,train
3396,8,train
3397,7,train
3398,3,train
3399,9,val
3400,1,train
3401,7,train
3402,5,train
3403,0,val
3404,0,val
3405,2,train
3406,1,train
3407,2,train
3408,8,train
3409,7,test
3410,3,train
3411,9,test
3412,4,train
3413,1,train
3414,3,train
3415,9,train
3416,5,train
3417,2,val
3418,2,train
3419,3,val
3420,3,test
3421,6,train
3422,9,test
3423,7,test
3424,9,train
3425,6,train
3426,9,test
3427,5,train
3428,1,train
3429,9,train
3430,7,train
3431,6,test
3432,1,train
3433,2,val
3434,4,train
3435,3,train
3436,8,train
3437,8,train
3438,3,test
3439,5,train
3440,0,train
3441,2,train
3442,0,train
3443,7,train
3444,2,train
3445,6,train
3446,7,train
3447,2,val
3448,7,test
3449,2,train
3450,1,test
3451,6,test
3452,7,train
3453,5,test
3454,9,train
3455,5,test
3456,2,train
3457,2,train
3458,5,val
3459,3,train
3460,6,train
3461,2,train
3462,9,test
3463,7,train
3464,7,test
3465,8,test
3466,2,train
3467,1,train
3468,7,train
3469,8,train
3470,8,train
3471,0,train
3472,5,train
3473,3,train
3474,1,train
3475,1,train
3476,1,train
3477,0,train
3478,9,train
3479,8,train
3480,5,train
3481,2,train
3482,9,train
3483,3,train
3484,6,test
3485,5,train
3486,2,val
3487,7,train
3488,9,train
3489,5,test
3490,9,train
3491,2,train
3492,7,test
3493,5,val
3494,6,train
3495,2,train
3496,0,test
3497,3,val
3498,5,train
3499,6,train
3500,5,train
3501,0,val
3502,1,train
3503,2,train
3504,0,train
3505,1,train
3506,3,train
3507,2,val
3508,3,train
3509,7,train
3510,2,train
3511,4,val
3512,1,train
3513,2,train
3514,6,test
3515,3,test
3516,2,val
3517,3,val
3518,6,val
3519,3,val
3520,2,val
3521,5,train
3522,6,train
3523,6,train
3524,6,train
3525,2,train
3526,4,train
3527,2,train
3528,0,train
3529,5,test
3530,8,train
3531,5,train
3532,3,val
3533,0,test
3534,5,train
3535,8,train
3536,2,train
3537,8,val
3538,3,train
3539,9,val
3540,8,train
3541,3,train
3542,7,test
3543,2,train
3544,3,test
3545,2,train
3546,7,test
3547,2,train
3548,7,train
3549,5,train
3550,3,train
3551,5,train
3552,2,train
3553,2,train
3554,6,train
3555,3,train
3556,0,train
3557,5,train
3558,0,val
3559,5,train
3560,9,val
3561,2,train
3562,9,test
3563,0,train
3564,2,train
3565,7,train
3566,2,val
3567,7,train
3568,0,train
3569,1,val
3570,6,test
3571,1,val
3572,8,test
3573,5,train
3574,2,train
3575,7,val
3576,1,test
3577,7,val
3578,6,val
3579,5,train
3580,1,val
3581,8,val
3582,7,train
3583,7,train
3584,5,train
3585,8,train
3586,7,train
3587,7,val
3588,9,test
3589,7,train
3590,6,train
3591,0,train
3592,6,train
3593,9,train
3594,7,test
3595,0,test
3596,8,train
3597,3,train
3598,7,train
3599,1,train
3600,8,train
3601,5,train
3602,7,train
3603,3,train
3604,2,train
3605,7,train
3606,1,train
3607,2,val
3608,3,train
3609,8,test
3610,5,train
3611,9,train
3612,7,val
3613,7,train
3614,9,val
3615,3,train
3616,3,train
3617,1,train
3618,9,train
3619,5,val
3620,9,train
3621,8,val
3622,7,val
3623,2,train
3624,8,train
3625,1,train
3626,9,train
3627,5,train
3628,9,train
3629,9,train
3630,7,train
3631,2,train
3632,5,test
3633,5,train
3634,2,train
3635,8,train
3636,3,train
3637,5,train
3638,0,val
3639,7,val
3640,9,train
3641,1,train
3642,5,test
3643,3,test
3644,6,test
3645,9,train
3646,7,train
3647,9,train
3648,7,train
3649,1,train
3650,3,train
3651,8,train
3652,7,train
3653,5,train
3654,8,train
3655,0,train
3656,5,train
3657,0,train
3658,0,train
3659,0,train
3660,9,val
3661,7,val
3662,1,train
3663,1,train
3664,1,test
3665,9,train
3666,0,train
3667,9,train
3668,2,train
3669,3,train
3670,8,train
3671,7,train
3672,5,train
3673,1,val
3674,5,test
3675,0,train
3676,5,val
3677,2,train
3678,8,train
3679,2,train
3680,1,train
3681,2,train
3682,4,train
3683,3,val
3684,2,val
3685,2,train
3686,5,val
3687,1,train
3688,9,test
3689,9,val
3690,0,val
3691,6,val
3692,1,train
3693,2,train
3694,2,train
3695,8,train
3696,7,test
3697,5,train
3698,3,train
3699,5,val
3700,5,test
3701,0,val
3702,8,train
3703,8,train
3704,2,val
3705,0,train
3706,2,train
3707,5,train
3708,0,val
3709,7,train
3710,9,val
3711,6,train
3712,6,test
3713,1,train
3714,3,train
3715,0,val
3716,1,train
3717,5,train
3718,9,train
3719,1,train
3720,5,train
3721,7,train
3722,1,train
3723,3,train
3724,2,val
3725,5,val
3726,6,train
3727,3,train
3728,3,train
3729,2,train
3730,0,train
3731,2,val
3732,3,val
3733,9,test
3734,7,train
3735,8,train
3736,6,train
3737,7,train
3738,7,val
3739,2,train
3740,1,train
3741,9,train
3742,7,val
3743,5,train
3744,5,test
3745,2,val
3746,1,train
3747,9,train
3748,3,test
3749,0,val
3750,9,test
3751,1,train
3752,6,val
3753,2,val
3754,2,test
3755,1,train
3756,6,train
3757,1,train
3758,1,train
3759,2,val
3760,1,train
3761,5,train
3762,5,train
3763,5,test
3764,3,train
3765,2,train
3766,6,train
3767,1,train
3768,8,train
3769,2,val
3770,6,train
3771,5,train
3772,7,train
3773,7,val
3774,0,train
3775,6,test
3776,5,train
3777,1,train
3778,7,train
3779,2,train
3780,7,train
3781,7,train
3782,0,test
3783,1,test
3784,0,train
3785,8,train
3786,4,train
3787,6,train
3788,9,train
3789,5,train
3790,3,test
3791,5,train
3792,0,test
3793,3,train
3794,0,val
3795,5,train
3796,1,train
3797,1,val
3798,2,train
3799,7,val
3800,5,test
3801,8,train
3802,9,test
3803,0,val
3804,5,train
3805,2,test
3806,3,train
3807,0,test
3808,1,test
3809,2,train
3810,2,val
3811,3,test
3812,1,test
3813,5,train
3814,3,train
3815,2,train
3816,7,train
3817,5,train
3818,2,train
3819,3,test
3820,8,val
3821,4,train
3822,6,test
3823,5,train
3824,8,train
3825,9,train
3826,1,train
3827,8,test
3828,2,train
3829,7,val
3830,7,val
3831,9,train
3832,9,train
3833,6,train
3834,9,test
3835,8,test
3836,3,train
3837,3,train
3838,1,train
3839,5,test
3840,4,train
3841,3,train
3842,2,test
3843,5,train
3844,1,train
3845,8,train
3846,5,train
3847,2,val
3848,2,train
3849,1,train
3850,0,train
3851,9,test
3852,5,train
3853,8,train
3854,2,test
3855,5,train
3856,8,train
3857,2,train
3858,7,train
3859,3,train
3860,3,train
3861,1,train
3862,1,train
3863,9,test
3864,5,train
3865,5,train
3866,6,train
3867,7,train
3868,7,val
3869,1,train
3870,6,test
3871,8,train
3872,9,train
3873,3,train
3874,2,val
3875,2,train
3876,6,train
3877,6,train
3878,2,val
3879,3,train
3880,9,val
3881,1,train
3882,1,train
3883,0,test
3884,5,train
3885,2,train
3886,3,test
3887,5,train
3888,9,val
3889,5,train
3890,7,train
3891,0,train
3892,5,train
3893,9,val
3894,2,test
3895,1,train
3896,2,val
3897,8,train
3898,7,val
3899,9,val
3900,8,train
3901,3,train
3902,3,train
3903,3,train
3904,1,train
3905,6,val
3906,2,train
3907,8,train
3908,9,val
3909,2,train
3910,9,train
3911,2,val
3912,3,train
3913,7,train
3914,7,val
3915,5,train
3916,3,train
3917,2,test
3918,5,val
3919,6,train
3920,5,test
3921,8,val
3922,2,train
3923,1,train
3924,6,train
3925,0,train
3926,1,train
3927,1,train
3928,6,val
3929,5,test
3930,6,train
3931,9,train
3932,5,train
3933,2,test
3934,8,test
3935,2,train
3936,7,val
3937,6,train
3938,9,val
3939,8,val
3940,4,train
3941,3,train
3942,9,test
3943,0,train
3944,6,train
3945,2,train
3946,0,train
3947,3,train
3948,7,train
3949,4,train
3950,8,train
3951,0,train
3952,2,test
3953,3,test
3954,7,train
3955,6,train
3956,6,train
3957,7,test
3958,3,train
3959,1,train
3960,5,train
3961,7,train
3962,6,train
3963,4,train
3964,7,val
3965,3,train
3966,3,train
3967,7,val
3968,7,train
3969,4,train
3970,9,train
3971,6,val
3972,9,train
3973,2,val
3974,7,val
3975,0,train
3976,3,train
3977,3,train
3978,3,train
3979,5,test
3980,7,train
3981,2,train
3982,6,val
3983,2,train
3984,5,train
3985,1,train
3986,9,train
3987,2,train
3988,3,train
3989,9,train
3990,2,train
3991,2,val
3992,0,train
3993,2,test
3994,9,train
3995,1,test
3996,2,train
3997,5,train
3998,7,val
3999,2,val
4000,9,train
4001,5,train
4002,6,train
4003,6,train
4004,1,train
4005,7,test
4006,0,train
4007,1,train
4008,7,val
4009,0,train
4010,5,train
4011,7,val
4012,0,train
4013,2,val
4014,3,test
4015,5,train
4016,3,train
4017,1,train
4018,5,train
4019,9,val
4020,6,train
4021,7,test
4022,9,test
4023,0,train
4024,9,train
4025,8,train
4026,1,val
4027,3,val
4028,6,test
4029,2,train
4030,3,train
4031,8,train
4032,7,train
4033,7,train
4034,7,train
4035,7,val
4036,6,train
4037,7,train
4038,2,val
4039,2,val
4040,1,train
4041,3,train
4042,8,val
4043,9,train
4044,5,train
4045,5,train
4046,5,val
4047,5,train
4048,9,test
4049,7,val
4050,7,train
4051,6,val
4052,3,val
4053,2,train
4054,6,test
4055,2,train
4056,3,train
4057,2,train
4058,2,test
4059,7,train
4060,1,train
4061,2,train
4062,9,train
4063,6,test
4064,3,train
4065,2,train
4066,7,val
4067,4,train
4068,9,val
4069,3,test
4070,3,train
4071,0,test
4072,7,train
4073,2,train
4074,5,train
4075,8,train
4076,1,train
4077,1,train
4078,1,test
4079,0,train
4080,2,train
4081,1,train
4082,6,train
4083,5,train
4084,7,train
4085,3,train
4086,1,train
4087,3,train
4088,5,test
4089,2,train
4090,5,train
4091,9,train
4092,7,train
4093,2,train
4094,5,test
4095,5,train
4096,7,train
4097,6,val
4098,2,test
4099,5,train
4100,8,train
4101,2,train
4102,1,train
4103,4,test
4104,9,val
4105,7,train
4106,1,val
4107,3,test
4108,9,test
4109,2,val
4110,8,train
4111,8,train
4112,6,train
4113,3,train
4114,0,test
4115,9,train
4116,7,test
4117,3,train
4118,8,val
4119,2,train
4120,2,train
4121,3,test
4122,0,train
4123,5,train
4124,2,train
4125,8,val
4126,1,train
4127,5,train
4128,7,train
4129,1,train
4130,3,train
4131,2,train
4132,1,train
4133,3,train
4134,7,val
4135,6,val
4136,6,test
4137,7,train
4138,6,train
4139,9,train
4140,2,train
4141,6,val
4142,2,val
4143,7,train
4144,9,train
4145,1,val
4146,1,train
4147,7,test
4148,9,train
4149,2,train
4150,1,train
4151,9,train
4152,1,train
4153,2,train
4154,2,train
4155,1,train
4156,3,train
4157,9,test
4158,7,train
4159,5,train
4160,9,train
4161,1,train
4162,1,train
4163,3,train
4164,0,test
4165,7,train
4166,2,test
4167,5,train
4168,9,train
4169,6,train
4170,2,train
4171,1,train
4172,6,val
4173,9,val
4174,3,train
4175,5,train
4176,0,test
4177,0,train
4178,7,val
4179,9,test
4180,2,train
4181,7,val
4182,9,train
4183,0,test
4184,6,train
4185,6,val
4186,7,train
4187,9,train
4188,0,train
4189,0,train
4190,7,train
4191,0,train
4192,3,train
4193,9,train
4194,5,train
4195,9,val
4196,5,train
4197,3,train
4198,5,train
4199,7,train
4200,3,train
4201,5,train
4202,3,test
4203,9,train
4204,7,test
4205,7,train
4206,5,train
4207,2,train
4208,7,train
4209,8,train
4210,1,train
4211,6,train
4212,1,train
4213,9,train
4214,9,train
4215,5,train
4216,2,train
4217,7,train
4218,5,train
4219,5,train
4220,6,train
4221,6,val
4222,5,train
4223,2,train
4224,0,train
4225,1,val
4226,0,train
4227,2,train
4228,7,val
4229,7,train
4230,2,train
4231,6,train
4232,6,val
4233,9,train
4234,6,train
4235,4,train
4236,2,test
4237,4,train
4238,9,train
4239,5,train
4240,7,train
4241,5,train
4242,2,test
4243,1,val
4244,7,val
4245,5,train
4246,7,train
4247,5,train
4248,6,test
4249,1,train
4250,6,train
4251,7,train
4252,3,train
4253,7,val
4254,1,train
4255,2,train
4256,7,train
4257,6,test
4258,6,train
4259,8,train
4260,9,train
4261,9,train
4262,2,val
4263,2,train
4264,6,train
4265,9,train
4266,6,train
4267,4,test
4268,9,train
4269,6,val
4270,5,val
4271,6,train
4272,3,val
4273,9,train
4274,1,train
4275,7,train
4276,7,train
4277,3,train
4278,7,train
4279,1,train
4280,3,val
4281,0,train
4282,8,train
4283,9,train
4284,3,val
4285,7,train
4286,5,train
4287,6,train
4288,9,val
4289,0,train
4290,9,train
4291,3,test
4292,1,val
4293,5,train
4294,6,train
4295,3,test
4296,7,train
4297,3,train
4298,9,train
4299,8,train
4300,7,train
4301,7,test
4302,2,train
4303,3,train
4304,8,train
4305,9,test
4306,2,train
4307,0,train
4308,2,test
4309,3,val
4310,3,test
4311,7,test
4312,6,train
4313,8,train
4314,6,train
4315,7,train
4316,7,train
4317,6,train
4318,6,train
4319,7,train
4320,2,train
4321,7,train
4322,5,val
4323,6,test
4324,2,train
4325,2,train
4326,9,test
4327,7,train
4328,8,val
4329,6,train
4330,2,train
4331,8,test
4332,1,train
4333,2,train
4334,7,test
4335,2,train
4336,2,test
4337,9,val
4338,8,val
4339,3,train
4340,3,val
4341,0,test
4342,9,train
4343,7,train
4344,9,train
4345,3,train
4346,3,train
4347,9,train
4348,1,val
4349,6,val
4350,9,train
4351,8,val
4352,7,train
4353,8,train
4354,5,test
4355,8,train
4356,9,test
4357,9,test
4358,3,train
4359,7,train
4360,6,test
4361,9,test
4362,0,train
4363,2,train
4364,0,train
4365,9,val
4366,7,train
4367,7,val
4368,1,train
4369,1,val
4370,2,val
4371,1,train
4372,2,val
4373,9,train
4374,2,val
4375,5,val
4376,3,test
4377,1,train
4378,3,train
4379,5,train
4380,4,test
4381,9,val
4382,7,val
4383,7,train
4384,2,train
4385,6,train
4386,6,train
4387,3,val
4388,6,train
4389,7,train
4390,5,train
4391,2,train
4392,3,train
4393,8,train
4394,3,train
4395,6,test
4396,2,train
4397,1,train
4398,2,train
4399,7,train
4400,6,val
4401,2,train
4402,2,train
4403,0,train
4404,2,train
4405,7,train
4406,8,test
4407,8,test
4408,0,train
4409,7,train
4410,8,train
4411,6,train
4412,6,train
4413,7,train
4414,7,train
4415,6,train
4416,1,test
4417,8,train
4418,5,train
4419,3,test
4420,2,train
4421,1,train
4422,1,train
4423,7,test
4424,9,train
4425,5,val
4426,9,train
4427,9,test
4428,5,train
4429,0,train
4430,6,train
4431,3,train
4432,3,train
4433,7,test
4434,1,train
4435,3,train
4436,4,train
4437,7,val
4438,6,train
4439,4,train
4440,9,train
4441,5,train
4442,9,train
4443,9,val
4444,9,train
4445,6,train
4446,2,val
4447,7,train
4448,1,train
4449,6,train
4450,6,train
4451,9,train
4452,5,train
4453,6,train
4454,3,test
4455,6,train
4456,1,val
4457,6,train
4458,9,train
4459,9,train
4460,3,val
4461,2,train
4462,2,train
4463,9,train
4464,1,train
4465,8,val
4466,6,val
4467,9,train
4468,2,val
4469,2,val
4470,3,train
4471,7,train
4472,7,train
4473,5,train
4474,5,train
4475,6,val
4476,6,train
4477,7,train
4478,1,train
4479,5,train
4480,5,train
4481,1,train
4482,6,train
4483,1,train
4484,1,train
4485,3,train
4486,1,val
4487,9,train
4488,3,train
4489,5,train
4490,7,test
4491,5,train
4492,1,test
4493,6,test
4494,2,train
4495,8,train
4496,7,train
4497,3,train
4498,7,train
4499,7,train
4500,7,val
4501,6,test
4502,8,train
4503,9,train
4504,1,train
4505,9,train
4506,9,train
4507,7,train
4508,7,train
4509,1,val
4510,5,test
4511,2,train
4512,0,train
4513,8,train
4514,2,val
4515,1,val
4516,6,train
4517,6,train
4518,6,val
4519,5,train
4520,8,train
4521,8,train
4522,2,train
4523,1,train
4524,1,test
4525,2,train
4526,6,train
4527,3,test
4528,1,train
4529,9,train
4530,2,train
4531,3,train
4532,5,train
4533,2,test
4534,9,train
4535,8,train
4536,5,train
4537,1,val
4538,8,train
4539,5,train
4540,2,train
4541,2,train
4542,7,test
4543,3,train
4544,3,test
4545,3,train
4546,7,train
4547,1,train
4548,3,train
4549,8,train
4550,9,train
4551,7,train
4552,5,test
4553,5,train
4554,9,train
4555,3,train
4556,7,train
4557,7,val
4558,4,train
4559,9,train
4560,2,train
4561,7,train
4562,9,train
4563,5,train
4564,5,val
4565,5,train
4566,9,train
4567,3,train
4568,3,train
4569,5,train
4570,1,train
4571,1,train
4572,0,train
4573,2,train
4574,4,train
4575,6,train
4576,7,train
4577,4,test
4578,5,val
4579,3,train
4580,2,train
4581,5,val
4582,9,train
4583,2,train
4584,7,train
4585,2,train
4586,3,train
4587,3,val
4588,7,test
4589,5,train
4590,1,test
4591,3,train
4592,1,train
4593,7,val
4594,9,train
4595,4,train
4596,5,train
4597,7,test
4598,6,val
4599,2,train
4600,3,test
4601,1,train
4602,7,train
4603,7,train
4604,7,train
4605,2,train
4606,2,test
4607,6,train
4608,1,train
4609,8,train
4610,5,train
4611,2,train
4612,9,val
4613,0,train
4614,6,train
4615,1,test
4616,1,train
4617,8,train
4618,3,train
4619,5,train
4620,0,train
4621,0,train
4622,1,val
4623,5,train
4624,9,train
4625,5,test
4626,8,test
4627,2,train
4628,9,test
4629,8,test
4630,5,train
4631,1,test
4632,1,train
4633,0,train
4634,0,train
4635,2,train
4636,7,train
4637,5,test
4638,1,test
4639,1,train
4640,2,val
4641,9,train
4642,4,train
4643,1,train
4644,2,train
4645,2,train
4646,1,val
4647,1,train
4648,6,val
4649,6,train
4650,6,train
4651,2,val
4652,5,train
4653,5,val
4654,7,train
4655,1,test
4656,6,train
4657,7,train
4658,9,test
4659,7,train
4660,1,train
4661,9,val
4662,8,train
4663,9,train
4664,3,train
4665,7,train
4666,3,test
4667,7,train
4668,7,train
4669,7,train
4670,6,test
4671,3,test
4672,8,train
4673,6,train
4674,7,train
4675,5,train
4676,7,train
4677,7,train
4678,5,test
4679,7,train
4680,8,test
4681,7,test
4682,8,test
4683,0,train
4684,4,train
4685,7,train
4686,3,val
4687,2,test
4688,9,train
4689,5,train
4690,6,train
4691,8,train
4692,0,train
4693,1,val
4694,1,train
4695,9,train
4696,4,train
4697,3,train
4698,4,train
4699,8,train
4700,1,test
4701,9,train
4702,7,train
4703,6,train
4704,1,test
4705,6,train
4706,8,test
4707,3,val
4708,3,train
4709,0,val
4710,1,train
4711,3,train
4712,3,train
4713,1,train
4714,5,train
4715,8,train
4716,3,test
4717,6,val
4718,2,train
4719,3,val
4720,3,train
4721,0,train
4722,3,train
4723,5,train
4724,0,train
4725,5,train
4726,8,train
4727,6,train
4728,1,test
4729,5,val
4730,7,train
4731,7,train
4732,5,train
4733,7,val
4734,2,train
4735,8,train
4736,0,train
4737,7,train
4738,2,train
4739,2,val
4740,1,train
4741,7,test
4742,5,train
4743,1,train
4744,7,train
4745,2,train
4746,3,train
4747,3,train
4748,5,train
4749,0,train
4750,7,train
4751,7,train
4752,1,train
4753,6,train
4754,5,train
4755,6,train
4756,1,train
4757,2,val
4758,7,val
4759,3,train
4760,3,train
4761,8,train
4762,7,val
4763,3,test
4764,3,test
4765,2,train
4766,2,test
4767,3,train
4768,9,test
4769,9,train
4770,5,train
4771,1,val
4772,8,train
4773,3,train
4774,2,train
4775,5,test
4776,9,test
4777,3,test
4778,7,val
4779,2,val
4780,3,val
4781,6,train
4782,3,train
4783,7,val
4784,5,train
4785,2,test
4786,3,test
4787,2,val
4788,1,test
4789,8,train
4790,2,val
4791,9,train
4792,9,val
4793,6,train
4794,7,train
4795,5,test
4796,6,val
4797,8,test
4798,9,train
4799,7,train
4800,0,val
4801,5,train
4802,9,train
4803,1,test
4804,2,train
4805,6,test
4806,0,train
4807,2,val
4808,4,train
4809,3,train
4810,9,train
4811,5,train
4812,0,train
4813,6,test
4814,8,train
4815,6,train
4816,7,train
4817,7,train
4818,1,train
4819,6,train
4820,8,train
4821,5,train
4822,7,train
4823,2,test
4824,1,train
4825,3,train
4826,1,train
4827,7,train
4828,7,val
4829,1,train
4830,9,test
4831,6,train
4832,5,train
4833,1,train
4834,4,train
4835,9,train
4836,5,val
4837,5,test
4838,1,train
4839,5,val
4840,0,train
4841,5,val
4842,9,train
4843,2,train
4844,2,train
4845,2,train
4846,7,val
4847,7,train
4848,5,val
4849,4,val
4850,7,train
4851,6,train
4852,8,train
4853,5,train
4854,3,val
4855,6,test
4856,9,train
4857,1,train
4858,2,test
4859,3,test
4860,1,train
4861,7,train
4862,6,train
4863,5,train
4864,9,train
4865,8,train
4866,5,train
4867,8,train
4868,6,val
4869,7,test
4870,8,train
4871,7,val
4872,1,train
4873,1,train
4874,7,test
4875,2,test
4876,9,train
4877,9,train
4878,2,train
4879,9,val
4880,9,train
4881,1,train
4882,5,test
4883,7,train
4884,3,test
4885,7,test
4886,5,test
4887,5,train
4888,1,test
4889,6,train
4890,2,train
4891,3,train
4892,3,train
4893,8,train
4894,1,test
4895,7,train
4896,6,val
4897,2,train
4898,5,test
4899,3,train
4900,7,train
4901,7,test
4902,1,train
4903,4,test
4904,4,train
4905,3,test
4906,5,train
4907,7,train
4908,7,train
4909,0,train
4910,6,val
4911,5,train
4912,1,train
4913,2,train
4914,7,train
4915,2,train
4916,5,train
4917,7,test
4918,7,train
4919,3,train
4920,3,train
4921,7,train
4922,3,train
4923,5,test
4924,2,train
4925,0,train
4926,3,val
4927,9,test
4928,6,test
4929,8,test
4930,9,train
4931,1,train
4932,7,train
4933,6,val
4934,2,test
4935,0,train
4936,2,train
4937,2,train
4938,7,test
4939,6,train
4940,3,train
4941,1,train
4942,3,train
4943,7,train
4944,8,train
4945,6,train
4946,7,train
4947,2,train
4948,8,train
4949,7,val
4950,5,test
4951,2,train
4952,6,train
4953,3,val
4954,9,train
4955,9,train
4956,4,train
4957,9,train
4958,8,train
4959,8,train
4960,5,train
4961,5,test
4962,7,train
4963,6,train
4964,3,test
4965,6,train
4966,1,train
4967,7,test
4968,9,train
4969,5,train
4970,2,test
4971,3,val
4972,2,train
4973,5,train
4974,2,train
4975,1,train
4976,6,val
4977,9,val
4978,8,train
4979,3,train
4980,8,test
4981,6,train
4982,1,test
4983,7,train
4984,5,train
4985,1,train
4986,7,train
4987,6,train
4988,6,train
4989,7,test
4990,8,train
4991,7,train
4992,6,train
4993,0,train
4994,7,train
4995,3,train
4996,5,train
4997,4,train
4998,6,test
4999,2,val
5000,5,train
5001,7,train
5002,8,train
5003,2,val
5004,7,val
5005,9,train
5006,4,train
5007,9,train
5008,0,train
5009,9,val
5010,2,train
5011,5,train
5012,1,test
5013,2,train
5014,3,val
5015,5,val
5016,7,train
5017,7,train
5018,9,train
5019,5,train
5020,2,train
5021,1,train
5022,9,train
5023,9,train
5024,3,val
5025,5,val
5026,7,test
5027,5,val
5028,6,test
5029,9,train
5030,6,test
5031,2,test
5032,7,val
5033,2,train
5034,7,train
5035,7,train
5036,3,val
5037,7,test
5038,3,train
5039,0,val
5040,3,train
5041,6,train
5042,1,train
5043,6,val
5044,4,train
5045,0,train
5046,6,train
5047,5,val
5048,3,train
5049,9,test
5050,0,train
5051,2,train
5052,2,train
5053,2,train
5054,6,train
5055,9,train
5056,6,train
5057,9,train
5058,8,train
5059,5,train
5060,1,train
5061,0,train
5062,0,test
5063,1,val
5064,9,test
5065,2,val
5066,1,train
5067,5,train
5068,3,train
5069,8,train
5070,1,train
5071,7,train
5072,7,test
5073,3,test
5074,6,train
5075,5,val
5076,5,test
5077,3,train
5078,5,val
5079,2,train
5080,3,train
5081,2,train
5082,2,train
5083,9,train
5084,9,train
5085,0,val
5086,3,test
5087,6,val
5088,6,val
5089,9,test
5090,8,train
5091,6,test
5092,2,train
5093,8,train
5094,3,test
5095,5,test
5096,3,train
5097,0,train
5098,9,train
5099,7,test
5100,9,train
5101,7,test
5102,5,train
5103,9,train
5104,7,train
5105,2,train
5106,8,train
5107,8,val
5108,0,train
5109,0,test
5110,2,train
5111,8,train
5112,8,test
5113,3,train
5114,5,train
5115,6,train
5116,7,val
5117,2,train
5118,0,test
5119,5,test
5120,8,test
5121,6,train
5122,1,train
5123,8,train
5124,7,train
5125,1,train
5126,6,train
5127,2,test
5128,2,train
5129,9,train
5130,0,train
5131,5,train
5132,8,train
5133,8,train
5134,2,train
5135,3,train
5136,3,train
5137,2,train
5138,1,train
5139,3,train
5140,2,train
5141,7,train
5142,0,train
5143,7,test
5144,9,train
5145,5,train
5146,9,train
5147,1,train
5148,9,test
5149,1,train
5150,3,val
5151,3,test
5152,2,train
5153,3,train
5154,3,train
5155,7,train
5156,5,val
5157,7,test
5158,5,train
5159,9,train
5160,9,train
5161,0,test
5162,8,val
5163,1,train
5164,5,train
5165,5,train
5166,5,train
5167,7,train
5168,1,train
5169,9,test
5170,5,train
5171,4,val
5172,9,test
5173,0,train
5174,6,val
5175,1,val
5176,2,train
5177,2,test
5178,3,train
5179,8,train
5180,2,train
5181,2,test
5182,6,train
5183,8,test
5184,7,train
5185,5,train
5186,1,train
5187,5,train
5188,3,val
5189,4,train
5190,9,train
5191,1,train
5192,0,train
5193,2,val
5194,2,train
5195,8,train
5196,4,val
5197,5,val
5198,1,train
5199,3,train
5200,2,val
5201,7,test
5202,8,train
5203,0,train
5204,1,train
5205,2,train
5206,2,train
5207,8,train
5208,0,train
5209,0,val
5210,9,train
5211,8,train
5212,1,val
5213,2,train
5214,5,train
5215,7,train
5216,7,train
5217,7,train
5218,2,train
5219,2,train
5220,9,train
5221,8,train
5222,8,train
5223,2,train
5224,9,train
5225,7,train
5226,2,train
5227,8,train
5228,4,train
5229,4,train
5230,2,train
5231,7,train
5232,1,test
5233,2,val
5234,2,val
5235,2,train
5236,3,train
5237,5,train
5238,0,test
5239,5,train
5240,2,train
5241,7,train
5242,3,train
5243,7,train
5244,7,train
5245,5,train
5246,6,train
5247,7,train
5248,2,train
5249,7,val
5250,0,test
5251,1,val
5252,4,test
5253,1,train
5254,7,train
5255,5,train
5256,9,train
5257,3,val
5258,8,train
5259,6,train
5260,6,train
5261,9,test
5262,5,train
5263,9,val
5264,5,train
5265,5,train
5266,1,train
5267,5,val
5268,6,train
5269,2,test
5270,0,train
5271,3,test
5272,5,val
5273,3,val
5274,0,train
5275,3,train
5276,1,test
5277,0,train
5278,2,train
5279,1,test
5280,0,train
5281,2,test
5282,5,val
5283,6,test
5284,2,train
5285,7,train
5286,3,test
5287,3,test
5288,6,val
5289,2,train
5290,7,val
5291,3,val
5292,7,train
5293,7,train
5294,8,val
5295,9,test
5296,3,test
5297,8,test
5298,7,train
5299,6,train
5300,8,train
5301,5,val
5302,2,train
5303,1,train
5304,7,train
5305,1,train
5306,3,train
5307,9,train
5308,7,train
5309,4,val
5310,1,train
5311,8,val
5312,7,test
5313,8,train
5314,2,train
5315,8,train
5316,1,train
5317,2,test
5318,5,train
5319,3,train
5320,5,train
5321,6,test
5322,5,train
5323,3,train
5324,8,train
5325,2,val
5326,0,val
5327,6,train
5328,1,train
5329,3,train
5330,0,train
5331,8,val
5332,9,val
5333,2,train
5334,5,val
5335,7,train
5336,2,test
5337,9,train
5338,3,val
5339,8,test
5340,8,train
5341,3,train
5342,5,val
5343,6,test
5344,9,val
5345,3,train
5346,2,train
5347,6,train
5348,6,train
5349,0,train
5350,7,val
5351,1,train
5352,6,test
5353,5,test
5354,0,train
5355,8,val
5356,3,val
5357,9,test
5358,7,test
5359,7,train
5360,2,test
5361,7,train
5362,6,train
5363,7,test
5364,2,val
5365,6,train
5366,7,train
5367,5,train
5368,3,train
5369,8,val
5370,1,train
5371,9,test
5372,7,test
5373,8,test
5374,3,train
5375,1,train
5376,6,train
5377,8,val
5378,2,test
5379,3,val
5380,9,train
5381,9,train
5382,1,train
5383,3,train
5384,5,train
5385,6,test
5386,3,train
5387,8,train
5388,6,val
5389,2,train
5390,0,train
5391,6,train
5392,7,train
5393,7,train
5394,8,train
5395,2,train
5396,2,train
5397,2,train
5398,1,train
5399,5,train
5400,2,train
5401,6,train
5402,9,train
5403,2,train
5404,3,test
5405,6,train
5406,7,val
5407,7,train
5408,1,val
5409,2,train
5410,9,val
5411,2,train
5412,1,test
5413,6,train
5414,1,train
5415,7,train
5416,8,test
5417,5,val
5418,3,train
5419,2,train
5420,1,train
5421,7,train
5422,8,train
5423,7,train
5424,3,train
5425,2,train
5426,0,train
5427,7,train
5428,6,train
5429,1,test
5430,6,train
5431,5,train
5432,5,train
5433,3,train
5434,2,train
5435,7,train
5436,1,val
5437,2,train
5438,5,train
5439,7,test
5440,5,train
5441,6,train
5442,0,train
5443,1,train
5444,5,train
5445,1,test
5446,1,train
5447,1,val
5448,2,train
5449,6,train
5450,2,train
5451,3,train
5452,6,train
5453,8,train
5454,1,train
5455,8,train
5456,3,train
5457,3,train
5458,8,train
5459,0,train
5460,2,train
5461,2,train
5462,8,train
5463,6,train
5464,5,train
5465,7,val
5466,5,train
5467,1,train
5468,5,test
5469,9,train
5470,5,train
5471,5,test
5472,2,train
5473,4,train
5474,2,train
5475,8,train
5476,7,val
5477,6,train
5478,6,train
5479,2,test
5480,8,test
5481,5,train
5482,2,train
5483,8,train
5484,6,train
5485,0,val
5486,8,test
5487,7,train
5488,6,train
5489,1,val
5490,5,train
5491,1,train
5492,7,train
5493,2,train
5494,6,test
5495,8,val
5496,2,train
5497,5,train
5498,6,train
5499,7,val
5500,1,val
5501,7,train
5502,3,train
5503,9,train
5504,5,train
5505,2,val
5506,7,val
5507,9,train
5508,9,train
5509,7,test
5510,9,val
5511,5,train
5512,6,train
5513,5,train
5514,1,train
5515,1,train
5516,8,train
5517,5,train
5518,2,train
5519,7,train
5520,8,train
5521,5,val
5522,9,train
5523,1,train
5524,5,train
5525,3,train
5526,7,train
5527,7,train
5528,6,train
5529,6,train
5530,6,train
5531,1,train
5532,7,train
5533,2,val
5534,1,train
5535,9,train
5536,1,train
5537,2,train
5538,1,test
5539,3,train
5540,2,train
5541,7,train
5542,2,train
5543,3,train
5544,6,train
5545,9,test
5546,7,train
5547,5,train
5548,6,train
5549,6,test
5550,1,train
5551,7,val
5552,1,train
5553,6,train
5554,3,val
5555,1,train
5556,9,val
5557,3,val
5558,8,train
5559,2,train
5560,0,val
5561,2,train
5562,7,train
5563,7,test
5564,1,train
5565,9,train
5566,3,train
5567,1,train
5568,8,train
5569,7,train
5570,9,train
5571,5,test
5572,5,train
5573,6,test
5574,2,train
5575,8,train
5576,7,train
5577,8,train
5578,9,train
5579,7,test
5580,3,train
5581,7,train
5582,5,train
5583,5,train
5584,2,val
5585,5,test
5586,7,train
5587,1,train
5588,1,test
5589,2,test
5590,3,train
5591,6,train
5592,4,train
5593,0,test
5594,8,test
5595,5,val
5596,5,test
5597,8,train
5598,2,train
5599,7,train
5600,5,train
5601,7,train
5602,8,test
5603,9,train
5604,7,train
5605,8,train
5606,2,val
5607,8,train
5608,3,train
5609,3,train
5610,9,train
5611,0,train
5612,4,train
5613,1,train
5614,9,train
5615,7,train
5616,3,train
5617,1,test
5618,9,train
5619,3,val
5620,8,val
5621,7,train
5622,2,test
5623,7,train
5624,3,train
5625,8,train
5626,7,train
5627,1,test
5628,2,train
5629,2,train
5630,7,train
5631,7,train
5632,1,train
5633,6,train
5634,2,train
5635,7,train
5636,2,test
5637,7,test
5638,7,train
5639,9,train
5640,2,test
5641,3,train
5642,5,train
5643,0,train
5644,9,train
5645,6,train
5646,2,train
5647,1,train
5648,8,test
5649,5,train
5650,1,train
5651,5,train
5652,6,train
5653,3,train
5654,7,train
5655,0,train
5656,9,train
5657,8,train
5658,6,train
5659,7,val
5660,7,train
5661,5,train
5662,1,train
5663,9,train
5664,3,train
5665,7,train
5666,9,train
5667,5,val
5668,7,train
5669,7,val
5670,9,train
5671,3,train
5672,2,train
5673,9,val
5674,1,train
5675,6,train
5676,3,train
5677,7,test
5678,2,train
5679,2,train
5680,5,train
5681,7,train
5682,1,train
5683,7,train
5684,2,train
5685,2,train
5686,7,train
5687,2,val
5688,6,test
5689,9,train
5690,7,test
5691,1,train
5692,7,train
5693,6,val
5694,7,train
5695,7,train
5696,8,train
5697,9,train
5698,1,test
5699,3,test
5700,9,train
5701,3,train
5702,3,val
5703,5,train
5704,7,train
5705,9,train
5706,2,train
5707,7,train
5708,8,test
5709,3,train
5710,3,train
5711,2,train
5712,9,val
5713,2,test
5714,1,train
5715,3,val
5716,7,train
5717,3,val
5718,7,train
5719,1,train
5720,9,train
5721,3,train
5722,2,train
5723,5,val
5724,2,train
5725,8,train
5726,1,test
5727,3,train
5728,1,train
5729,6,train
5730,7,train
5731,2,train
5732,1,train
5733,5,train
5734,1,val
5735,2,test
5736,6,train
5737,2,val
5738,9,val
5739,9,train
5740,6,test
5741,7,train
5742,5,train
5743,1,test
5744,3,train
5745,3,val
5746,3,train
5747,6,train
5748,1,test
5749,5,train
5750,6,test
5751,7,val
5752,4,train
5753,2,train
5754,6,test
5755,9,train
5756,3,train
5757,7,train
5758,2,train
5759,7,train
5760,2,train
5761,1,train
5762,1,train
5763,7,train
5764,0,train
5765,9,train
5766,7,train
5767,5,val
5768,3,train
5769,8,train
5770,1,train
5771,7,train
5772,6,test
5773,2,train
5774,5,train
5775,4,train
5776,2,val
5777,3,test
5778,9,train
5779,3,train
5780,6,train
5781,5,test
5782,5,test
5783,7,train
5784,7,train
5785,2,train
5786,2,train
5787,7,test
5788,0,train
5789,1,train
5790,3,train
5791,7,train
5792,5,val
5793,2,train
5794,0,train
5795,7,test
5796,2,train
5797,3,test
5798,2,train
5799,5,train
5800,6,train
5801,5,val
5802,6,train
5803,9,train
5804,8,train
5805,3,test
5806,7,train
5807,3,train
5808,6,train
5809,6,val
5810,0,train
5811,3,val
5812,8,train
5813,2,train
5814,3,train
5815,3,train
5816,3,train
5817,0,train
5818,1,train
5819,6,train
5820,1,test
5821,3,train
5822,9,train
5823,8,train
5824,2,train
5825,2,train
5826,5,test
5827,2,train
5828,9,train
5829,2,train
5830,4,train
5831,7,train
5832,8,train
5833,8,train
5834,5,train
5835,8,train
5836,3,train
5837,3,train
5838,1,test
5839,7,train
5840,1,test
5841,2,train
5842,6,train
5843,3,train
5844,9,train
5845,2,train
5846,7,train
5847,5,train
5848,6,test
5849,9,val
5850,8,train
5851,6,train
5852,4,train
5853,2,train
5854,2,test
5855,1,train
5856,5,test
5857,9,test
5858,1,train
5859,9,test
5860,2,train
5861,6,train
5862,8,train
5863,2,train
5864,0,train
5865,3,val
5866,5,train
5867,4,test
5868,7,train
5869,3,train
5870,5,train
5871,2,train
5872,8,val
5873,0,train
5874,5,val
5875,1,train
5876,4,val
5877,4,train
5878,7,test
5879,0,train
5880,4,train
5881,2,val
5882,5,train
5883,1,val
5884,7,train
5885,3,train
5886,1,test
5887,8,train
5888,8,val
5889,2,test
5890,5,train
5891,3,train
5892,7,train
5893,1,train
5894,1,train
5895,1,train
5896,3,train
5897,8,train
5898,2,test
5899,6,train
5900,3,train
5901,1,train
5902,5,train
5903,8,train
5904,9,val
5905,1,val
5906,3,train
5907,5,train
5908,7,train
5909,7,test
5910,0,train
5911,1,train
5912,5,train
5913,7,test
5914,2,train
5915,9,train
5916,8,test
5917,1,train
5918,0,train
5919,5,val
5920,9,train
5921,9,train
5922,6,train
5923,0,val
5924,0,train
5925,9,train
5926,7,train
5927,7,train
5928,0,train
5929,7,train
5930,5,val
5931,3,train
5932,8,test
5933,5,train
5934,2,val
5935,6,train
5936,3,train
5937,1,train
5938,5,test
5939,4,val
5940,1,train
5941,2,train
5942,3,val
5943,5,test
5944,2,train
5945,7,train
5946,3,test
5947,2,train
5948,5,train
5949,9,test
5950,1,train
5951,5,train
5952,9,test
5953,7,test
5954,2,train
5955,6,train
5956,2,train
5957,3,train
5958,8,val
5959,0,train
5960,3,train
5961,3,train
5962,9,train
5963,6,train
5964,0,train
5965,2,train
5966,2,train
5967,3,train
5968,8,train
5969,2,test
5970,3,train
5971,7,val
5972,5,train
5973,2,val
5974,3,train
5975,2,train
5976,7,train
5977,8,train
5978,2,val
5979,2,train
5980,4,train
5981,2,train
5982,7,train
5983,6,test
5984,7,train
5985,3,train
5986,9,test
5987,0,train
5988,5,train
5989,6,train
5990,1,train
5991,3,train
5992,7,train
5993,2,train
5994,2,test
5995,1,train
5996,4,train
5997,0,train
5998,0,train
5999,6,train
6000,7,train
6001,2,train
6002,0,test
6003,6,val
6004,1,train
6005,4,train
6006,2,val
6007,1,test
6008,7,train
6009,3,train
6010,2,train
6011,8,train
6012,2,train
6013,7,val
6014,8,test
6015,3,val
6016,6,val
6017,5,train
6018,7,test
6019,9,train
6020,7,val
6021,8,val
6022,2,train
6023,2,train
6024,5,val
6025,3,train
6026,1,train
6027,7,val
6028,3,train
6029,9,test
6030,6,train
6031,0,val
6032,4,train
6033,5,train
6034,7,train
6035,1,train
6036,9,train
6037,7,test
6038,4,train
6039,9,test
6040,5,val
6041,6,train
6042,1,train
6043,6,train
6044,5,train
6045,7,train
6046,6,train
6047,3,train
6048,8,val
6049,2,val
6050,3,train
6051,4,train
6052,6,train
6053,7,train
6054,0,train
6055,1,test
6056,2,train
6057,1,train
6058,9,train
6059,7,train
6060,3,train
6061,2,val
6062,6,train
6063,2,train
6064,9,test
6065,0,train
6066,5,train
6067,8,train
6068,2,train
6069,5,test
6070,2,train
6071,6,val
6072,8,train
6073,8,val
6074,2,train
6075,8,train
6076,7,val
6077,1,train
6078,8,train
6079,3,train
6080,2,test
6081,3,train
6082,2,train
6083,7,test
6084,9,test
6085,9,val
6086,8,train
6087,4,train
6088,5,train
6089,5,train
6090,8,train
6091,8,train
6092,7,train
6093,8,train
6094,5,train
6095,2,train
6096,2,train
6097,5,train
6098,9,test
6099,2,train
6100,0,train
6101,7,val
6102,2,train
6103,2,train
6104,6,train
6105,1,val
6106,0,train
6107,7,train
6108,0,train
6109,5,val
6110,9,test
6111,1,val
6112,1,train
6113,1,train
6114,5,val
6115,8,train
6116,9,val
6117,5,train
6118,2,train
6119,1,train
6120,3,train
6121,0,train
6122,7,val
6123,1,train
6124,9,train
6125,1,train
6126,5,val
6127,2,train
6128,1,train
6129,6,train
6130,3,val
6131,2,train
6132,2,val
6133,9,train
6134,3,train
6135,9,train
6136,3,train
6137,7,train
6138,2,train
6139,6,train
6140,8,train
6141,3,train
6142,0,train
6143,2,train
6144,1,train
6145,7,train
6146,5,train
6147,2,val
6148,3,train
6149,6,train
6150,2,train
6151,6,train
6152,2,train
6153,7,train
6154,7,train
6155,0,train
6156,2,test
6157,8,train
6158,2,train
6159,0,train
6160,7,train
6161,1,test
6162,7,train
6163,1,train
6164,9,train
6165,6,train
6166,2,train
6167,1,train
6168,2,train
6169,3,val
6170,3,train
6171,7,test
6172,5,train
6173,7,train
6174,2,train
6175,2,train
6176,2,train
6177,3,train
6178,5,test
6179,2,train
6180,7,test
6181,8,train
6182,3,test
6183,9,train
6184,7,train
6185,2,val
6186,3,train
6187,3,test
6188,5,train
6189,1,test
6190,8,train
6191,1,train
6192,2,train
6193,5,train
6194,0,train
6195,4,train
6196,5,test
6197,5,train
6198,2,test
6199,3,test
6200,5,test
6201,3,train
6202,3,train
6203,6,test
6204,6,train
6205,3,train
6206,2,test
6207,6,train
6208,6,val
6209,5,train
6210,1,train
6211,7,train
6212,4,val
6213,0,val
6214,5,train
6215,6,train
6216,2,train
6217,7,val
6218,0,train
6219,2,train
6220,1,train
6221,7,train
6222,1,train
6223,7,train
6224,5,test
6225,5,train
6226,6,test
6227,3,test
6228,2,test
6229,6,train
6230,3,train
6231,2,train
6232,1,train
6233,2,train
6234,9,train
6235,8,train
6236,7,train
6237,2,train
6238,7,train
6239,2,train
6240,6,val
6241,7,test
6242,7,val
6243,9,train
6244,7,test
6245,9,val
6246,5,train
6247,2,train
6248,7,train
6249,7,train
6250,7,train
6251,1,train
6252,7,train
6253,7,train
6254,0,train
6255,1,train
6256,2,train
6257,5,train
6258,2,train
6259,7,train
6260,5,val
6261,2,train
6262,7,train
6263,8,train
6264,3,test
6265,7,train
6266,7,train
6267,5,test
6268,2,train
6269,0,train
6270,7,val
6271,3,val
6272,5,train
6273,8,train
6274,6,train
6275,3,val
6276,9,test
6277,1,test
6278,9,train
6279,9,test
6280,9,train
6281,7,train
6282,5,train
6283,0,train
6284,2,train
6285,9,train
6286,2,val
6287,5,test
6288,5,train
6289,6,train
6290,7,train
6291,2,train
6292,5,test
6293,6,test
6294,1,train
6295,2,train
6296,7,val
6297,7,val
6298,1,train
6299,3,test
6300,9,val
6301,6,train
6302,3,train
6303,5,val
6304,7,train
6305,6,train
6306,7,train
6307,6,test
6308,8,val
6309,8,train
6310,5,train
6311,9,train
6312,7,train
6313,5,train
6314,3,train
6315,2,train
6316,7,train
6317,3,train
6318,8,train
6319,0,train
6320,9,train
6321,0,test
6322,2,train
6323,8,test
6324,7,test
6325,0,train
6326,3,train
6327,2,test
6328,3,train
6329,3,test
6330,7,train
6331,7,train
6332,3,test
6333,3,train
6334,9,train
6335,9,train
6336,7,train
6337,2,val
6338,3,train
6339,2,train
6340,8,train
6341,1,train
6342,6,val
6343,7,train
6344,7,train
6345,7,train
6346,0,test
6347,9,test
6348,5,train
6349,7,test
6350,5,train
6351,7,val
6352,2,val
6353,9,train
6354,2,train
6355,8,train
6356,7,val
6357,7,train
6358,5,val
6359,9,test
6360,1,val
6361,2,train
6362,7,train
6363,2,train
6364,6,train
6365,2,val
6366,1,test
6367,2,train
6368,7,train
6369,9,train
6370,3,train
6371,0,train
6372,0,train
6373,3,train
6374,6,train
6375,1,val
6376,9,val
6377,2,test
6378,6,train
6379,1,train
6380,1,train
6381,4,train
6382,7,train
6383,8,test
6384,2,train
6385,8,train
6386,1,train
6387,7,train
6388,7,test
6389,4,train
6390,3,train
6391,7,train
6392,5,train
6393,5,train
6394,2,train
6395,6,test
6396,7,train
6397,9,train
6398,2,val
6399,7,train
6400,6,train
6401,9,val
6402,5,train
6403,7,train
6404,5,train
6405,0,test
6406,3,train
6407,5,train
6408,2,train
6409,2,train
6410,5,train
6411,2,train
6412,0,test
6413,6,train
6414,1,val
6415,8,train
6416,6,train
6417,1,train
6418,1,val
6419,9,val
6420,2,test
6421,1,test
6422,7,train
6423,9,train
6424,8,val
6425,2,test
6426,8,train
6427,2,train
6428,5,train
6429,3,val
6430,6,val
6431,2,train
6432,2,train
6433,5,train
6434,8,val
6435,5,train
6436,7,train
6437,5,train
6438,5,train
6439,9,val
6440,9,test
6441,3,train
6442,3,train
6443,2,train
6444,6,train
6445,2,test
6446,7,val
6447,1,train
6448,7,train
6449,5,val
6450,1,train
6451,2,train
6452,9,val
6453,8,train
6454,3,train
6455,9,train
6456,5,train
6457,5,train
6458,7,train
6459,7,val
6460,1,val
6461,7,train
6462,2,test
6463,0,train
6464,0,train
6465,0,train
6466,1,train
6467,6,train
6468,3,test
6469,5,test
6470,3,test
6471,9,test
6472,9,val
6473,0,train
6474,7,train
6475,2,test
6476,6,train
6477,0,train
6478,9,val
6479,2,train
6480,1,train
6481,2,train
6482,8,train
6483,3,train
6484,6,val
6485,3,train
6486,8,val
6487,3,val
6488,2,train
6489,1,train
6490,2,train
6491,2,train
6492,7,train
6493,1,test
6494,7,train
6495,6,val
6496,5,train
6497,6,val
6498,0,train
6499,1,test
6500,9,val
6501,7,val
6502,2,train
6503,1,train
6504,7,train
6505,5,train
6506,3,train
6507,2,train
6508,3,test
6509,0,train
6510,7,test
6511,5,train
6512,3,val
6513,0,train
6514,1,train
6515,9,val
6516,2,train
6517,2,val
6518,7,train
6519,9,val
6520,2,train
6521,0,train
6522,3,train
6523,2,train
6524,0,train
6525,9,train
6526,1,val
6527,3,train
6528,3,train
6529,2,train
6530,1,train
6531,7,train
6532,6,train
6533,0,test
6534,9,test
6535,1,train
6536,6,train
6537,3,train
6538,8,train
6539,1,train
6540,5,test
6541,3,train
6542,1,train
6543,3,test
6544,2,train
6545,7,val
6546,2,val
6547,1,train
6548,7,val
6549,1,train
6550,7,train
6551,2,train
6552,3,val
6553,7,train
6554,2,train
6555,1,train
6556,8,val
6557,1,train
6558,5,train
6559,2,train
6560,6,val
6561,3,train
6562,1,train
6563,5,val
6564,3,val
6565,1,test
6566,5,train
6567,2,train
6568,2,train
6569,9,test
6570,9,train
6571,0,train
6572,6,train
6573,1,val
6574,5,train
6575,9,val
6576,7,val
6577,3,test
6578,6,train
6579,1,val
6580,2,val
6581,6,train
6582,7,train
6583,8,train
6584,5,train
6585,7,train
6586,2,train
6587,2,train
6588,7,train
6589,2,train
6590,3,train
6591,7,test
6592,8,train
6593,2,train
6594,8,train
6595,2,train
6596,7,train
6597,6,train
6598,7,test
6599,6,train
6600,2,train
6601,3,train
6602,2,val
6603,1,test
6604,7,test
6605,2,train
6606,2,train
6607,3,val
6608,7,train
6609,5,train
6610,3,train
6611,0,test
6612,8,train
6613,5,train
6614,3,train
6615,3,train
6616,9,train
6617,9,train
6618,5,train
6619,9,train
6620,3,val
6621,6,val
6622,0,test
6623,2,train
6624,7,train
6625,3,train
6626,7,val
6627,7,train
6628,3,test
6629,2,train
6630,2,train
6631,8,train
6632,8,train
6633,2,train
6634,5,train
6635,8,train
6636,5,train
6637,1,train
6638,1,train
6639,8,train
6640,8,train
6641,1,train
6642,5,train
6643,3,train
6644,7,test
6645,1,train
6646,7,test
6647,7,test
6648,3,train
6649,3,train
6650,9,train
6651,6,train
6652,2,test
6653,2,train
6654,7,train
6655,6,test
6656,2,train
6657,2,test
6658,2,train
6659,8,train
6660,1,train
6661,1,train
6662,1,train
6663,8,train
6664,2,train
6665,3,train
6666,3,train
6667,8,train
6668,2,train
6669,2,test
6670,3,train
6671,6,train
6672,2,test
6673,5,test
6674,5,train
6675,9,train
6676,7,test
6677,3,train
6678,5,train
6679,7,test
6680,1,train
6681,6,test
6682,7,train
6683,2,train
6684,0,train
6685,7,train
6686,7,val
6687,3,train
6688,7,val
6689,2,test
6690,2,train
6691,3,train
6692,9,val
6693,5,train
6694,0,test
6695,9,test
6696,6,train
6697,6,train
6698,2,test
6699,0,train
6700,7,train
6701,0,val
6702,6,train
6703,8,train
6704,8,train
6705,0,train
6706,9,train
6707,9,train
6708,7,val
6709,1,train
6710,1,test
6711,9,train
6712,6,test
6713,0,train
6714,5,train
6715,9,train
6716,9,train
6717,7,val
6718,6,test
6719,5,train
6720,8,test
6721,8,train
6722,8,test
6723,5,train
6724,6,train
6725,3,test
6726,9,train
6727,1,test
6728,6,test
6729,6,train
6730,2,train
6731,8,train
6732,2,train
6733,3,test
6734,5,test
6735,5,train
6736,6,train
6737,9,train
6738,4,train
6739,2,test
6740,8,test
6741,6,val
6742,9,train
6743,7,train
6744,6,train
6745,1,train
6746,2,train
6747,7,test
6748,0,train
6749,5,train
6750,7,test
6751,1,train
6752,5,train
6753,5,train
6754,7,train
6755,9,train
6756,2,train
6757,3,train
6758,9,train
6759,1,train
6760,5,train
6761,9,train
6762,5,train
6763,1,train
6764,1,train
6765,8,val
6766,9,val
6767,5,val
6768,7,train
6769,9,train
6770,3,val
6771,1,train
6772,5,train
6773,2,train
6774,5,train
6775,8,train
6776,6,test
6777,2,train
6778,2,train
6779,8,test
6780,9,train
6781,5,train
6782,7,train
6783,5,train
6784,6,train
6785,6,train
6786,7,train
6787,5,train
6788,9,test
6789,2,train
6790,9,train
6791,9,train
6792,6,test
6793,8,train
6794,1,train
6795,6,train
6796,8,train
6797,7,train
6798,0,val
6799,3,train
6800,3,train
6801,9,test
6802,6,train
6803,7,train
6804,5,train
6805,8,val
6806,3,val
6807,2,test
6808,9,train
6809,6,train
6810,2,train
6811,8,train
6812,8,test
6813,7,train
6814,7,train
6815,3,train
6816,0,train
6817,3,train
6818,8,train
6819,2,train
6820,1,train
6821,7,train
6822,6,train
6823,2,test
6824,3,train
6825,7,train
6826,6,train
6827,6,test
6828,2,test
6829,8,train
6830,2,train
6831,8,train
6832,3,train
6833,8,train
6834,3,train
6835,8,test
6836,4,test
6837,3,train
6838,3,test
6839,2,train
6840,1,train
6841,5,train
6842,3,train
6843,7,train
6844,6,val
6845,8,test
6846,6,val
6847,2,val
6848,8,train
6849,2,train
6850,2,train
6851,5,val
6852,0,train
6853,7,train
6854,8,train
6855,2,test
6856,5,train
6857,1,val
6858,1,val
6859,3,val
6860,3,train
6861,5,train
6862,8,val
6863,2,train
6864,3,train
6865,8,train
6866,5,train
6867,6,train
6868,8,train
6869,2,train
6870,7,train
6871,6,train
6872,3,test
6873,5,train
6874,6,train
6875,3,train
6876,5,train
6877,9,train
6878,9,test
6879,1,train
6880,4,train
6881,7,test
6882,9,train
6883,0,train
6884,7,train
6885,3,train
6886,7,train
6887,7,train
6888,9,train
6889,1,val
6890,7,train
6891,1,test
6892,1,train
6893,2,train
6894,6,val
6895,2,train
6896,2,train
6897,2,val
6898,7,train
6899,7,test
6900,6,train
6901,8,val
6902,2,val
6903,6,train
6904,5,val
6905,2,train
6906,3,val
6907,2,val
6908,7,train
6909,7,train
6910,7,val
6911,9,train
6912,9,train
6913,2,val
6914,8,train
6915,0,val
6916,7,train
6917,3,train
6918,3,train
6919,0,train
6920,7,train
6921,5,train
6922,6,train
6923,2,train
6924,5,test
6925,2,train
6926,7,test
6927,5,train
6928,2,train
6929,7,train
6930,6,train
6931,3,test
6932,3,train
6933,3,train
6934,7,train
6935,2,test
6936,5,test
6937,1,train
6938,1,val
6939,6,val
6940,1,train
6941,7,train
6942,1,train
6943,3,train
6944,3,test
6945,1,train
6946,7,train
6947,7,train
6948,1,train
6949,2,train
6950,3,train
6951,9,train
6952,9,train
6953,5,train
6954,5,train
6955,2,train
6956,6,val
6957,9,train
6958,6,val
6959,5,train
6960,1,train
6961,5,train
6962,8,val
6963,4,train
6964,6,train
6965,2,test
6966,1,train
6967,2,test
6968,1,train
6969,2,train
6970,8,train
6971,7,train
6972,9,train
6973,1,train
6974,1,val
6975,6,val
6976,9,val
6977,2,train
6978,9,train
6979,2,val
6980,9,train
6981,0,train
6982,1,test
6983,5,train
6984,1,test
6985,2,train
6986,7,train
6987,2,train
6988,1,train
6989,2,train
6990,9,train
6991,7,val
6992,7,train
6993,3,train
6994,0,train
6995,2,train
6996,2,train
6997,7,train
6998,5,val
6999,9,train
7000,2,val
7001,8,train
7002,5,train
7003,7,val
7004,7,train
7005,2,train
7006,9,train
7007,2,train
7008,5,train
7009,6,train
7010,3,train
7011,5,train
7012,5,train
7013,5,test
7014,7,train
7015,5,train
7016,9,train
7017,2,val
7018,7,train
7019,0,train
7020,3,train
7021,7,train
7022,1,train
7023,3,train
7024,5,train
7025,5,train
7026,2,val
7027,5,train
7028,9,train
7029,2,train
7030,9,train
7031,9,train
7032,1,train
7033,6,train
7034,4,test
7035,0,train
7036,2,train
7037,0,train
7038,1,train
7039,2,train
7040,5,val
7041,7,train
7042,8,test
7043,3,train
7044,9,train
7045,9,test
7046,0,train
7047,8,val
7048,2,train
7049,8,train
7050,9,train
7051,0,train
7052,7,train
7053,0,train
7054,6,train
7055,7,train
7056,2,train
7057,6,train
7058,9,val
7059,5,train
7060,2,train
7061,9,val
7062,7,test
7063,3,train
7064,1,train
7065,7,val
7066,6,train
7067,9,train
7068,2,test
7069,1,val
7070,7,test
7071,2,train
7072,8,train
7073,5,train
7074,9,train
7075,2,train
7076,3,train
7077,3,test
7078,0,train
7079,9,test
7080,7,train
7081,7,train
7082,6,val
7083,3,train
7084,2,train
7085,8,train
7086,3,val
7087,3,train
7088,5,val
7089,6,train
7090,6,val
7091,6,test
7092,3,train
7093,2,train
7094,7,test
7095,5,train
7096,3,train
7097,2,test
7098,7,train
7099,5,test
7100,9,train
7101,6,val
7102,7,train
7103,7,val
7104,9,train
7105,7,test
7106,1,val
7107,7,train
7108,5,val
7109,6,train
7110,2,val
7111,1,train
7112,2,train
7113,5,test
7114,5,train
7115,1,train
7116,2,train
7117,7,train
7118,4,test
7119,8,test
7120,5,train
7121,0,train
7122,1,train
7123,2,train
7124,5,train
7125,9,val
7126,6,test
7127,2,train
7128,9,train
7129,4,train
7130,5,val
7131,9,train
7132,8,train
7133,9,val
7134,6,train
7135,1,train
7136,3,train
7137,5,test
7138,6,test
7139,7,train
7140,5,train
7141,0,test
7142,7,train
7143,2,train
7144,6,val
7145,1,test
7146,7,train
7147,7,train
7148,6,train
7149,7,val
7150,7,val
7151,0,val
7152,0,train
7153,6,val
7154,7,train
7155,8,train
7156,2,train
7157,2,train
7158,3,train
7159,4,train
7160,5,train
7161,7,train
7162,9,train
7163,3,train
7164,9,val
7165,4,test
7166,8,train
7167,3,train
7168,6,train
7169,9,val
7170,7,test
7171,6,train
7172,3,test
7173,9,train
7174,7,test
7175,7,train
7176,7,test
7177,5,train
7178,6,train
7179,0,train
7180,7,test
7181,7,train
7182,0,train
7183,2,test
7184,1,train
7185,0,train
7186,1,val
7187,6,train
7188,9,val
7189,8,test
7190,5,train
7191,3,train
7192,0,test
7193,5,train
7194,9,train
7195,0,train
7196,6,train
7197,4,test
7198,3,val
7199,6,train
7200,5,test
7201,6,train
7202,0,test
7203,7,train
7204,7,train
7205,6,train
7206,8,test
7207,3,test
7208,5,train
7209,0,val
7210,1,train
7211,5,val
7212,6,train
7213,5,train
7214,2,train
7215,9,train
7216,3,train
7217,1,train
7218,9,test
7219,6,train
7220,9,train
7221,8,train
7222,3,train
7223,3,train
7224,1,val
7225,1,train
7226,2,train
7227,7,test
7228,2,val
7229,5,train
7230,7,train
7231,7,val
7232,3,val
7233,9,train
7234,2,val
7235,9,train
7236,6,train
7237,7,val
7238,7,train
7239,8,test
7240,3,test
7241,6,train
7242,0,train
7243,2,train
7244,6,train
7245,3,test
7246,1,val
7247,5,test
7248,0,train
7249,2,test
7250,2,train
7251,5,test
7252,2,val
7253,1,train
7254,7,test
7255,3,train
7256,6,train
7257,0,train
7258,1,train
7259,3,test
7260,3,test
7261,2,train
7262,1,train
7263,5,train
7264,2,train
7265,6,test
7266,7,train
7267,7,train
7268,7,train
7269,1,val
7270,6,train
7271,8,train
7272,5,train
7273,9,train
7274,7,train
7275,2,train
7276,8,train
7277,6,train
7278,7,train
7279,6,test
7280,8,train
7281,5,val
7282,7,train
7283,1,val
7284,1,val
7285,5,test
7286,4,train
7287,7,train
7288,3,train
7289,0,val
7290,4,train
7291,0,train
7292,5,train
7293,8,train
7294,2,train
7295,7,train
7296,7,test
7297,7,test
7298,3,test
7299,2,val
7300,2,train
7301,3,train
7302,3,train
7303,7,train
7304,5,train
7305,7,train
7306,2,train
7307,5,train
7308,8,test
7309,3,train
7310,2,train
7311,3,train
7312,3,train
7313,3,train
7314,1,train
7315,5,train
7316,7,train
7317,4,train
7318,5,train
7319,2,train
7320,8,test
7321,9,train
7322,6,train
7323,0,test
7324,9,train
7325,1,train
7326,3,test
7327,2,train
7328,8,val
7329,7,train
7330,6,train
7331,5,train
7332,9,train
7333,0,val
7334,7,train
7335,6,train
7336,1,val
7337,2,train
7338,9,train
7339,9,train
7340,2,train
7341,7,train
7342,8,train
7343,6,train
7344,5,train
7345,7,test
7346,6,val
7347,0,train
7348,0,train
7349,6,train
7350,7,test
7351,9,train
7352,5,train
7353,5,train
7354,1,train
7355,5,train
7356,9,train
7357,1,train
7358,6,train
7359,2,train
7360,7,train
7361,5,train
7362,9,val
7363,3,val
7364,2,train
7365,5,train
7366,7,train
7367,9,train
7368,7,train
7369,8,train
7370,3,train
7371,7,val
7372,8,val
7373,5,test
7374,2,train
7375,1,val
7376,7,train
7377,2,train
7378,8,test
7379,1,test
7380,6,train
7381,6,train
7382,7,train
7383,1,train
7384,3,test
7385,7,test
7386,8,test
7387,2,train
7388,5,train
7389,3,train
7390,6,test
7391,9,train
7392,2,test
7393,5,train
7394,7,train
7395,2,val
7396,3,train
7397,0,test
7398,7,train
7399,8,train
7400,3,test
7401,5,train
7402,7,val
7403,6,test
7404,2,train
7405,5,val
7406,6,train
7407,2,test
7408,9,test
7409,2,val
7410,5,train
7411,3,train
7412,0,train
7413,7,train
7414,2,test
7415,9,train
7416,2,val
7417,2,test
7418,3,train
7419,4,train
7420,5,train
7421,5,train
7422,5,train
7423,2,train
7424,7,train
7425,4,test
7426,7,train
7427,9,train
7428,5,train
7429,8,train
7430,7,train
7431,3,train
7432,6,train
7433,9,train
7434,6,train
7435,2,train
7436,8,train
7437,3,train
7438,0,val
7439,5,train
7440,2,test
7441,6,val
7442,9,train
7443,9,val
7444,8,test
7445,8,test
7446,1,train
7447,7,test
7448,7,train
7449,2,train
7450,6,train
7451,7,test
7452,1,train
7453,9,train
7454,2,train
7455,9,test
7456,0,train
7457,1,train
7458,6,train
7459,7,train
7460,2,train
7461,7,test
7462,9,train
7463,8,test
7464,1,test
7465,5,train
7466,2,train
7467,1,train
7468,2,train
7469,5,train
7470,6,val
7471,9,val
7472,6,train
7473,7,train
7474,5,val
7475,0,train
7476,5,train
7477,2,test
7478,9,train
7479,2,train
7480,2,train
7481,6,train
7482,3,train
7483,4,train
7484,8,train
7485,7,test
7486,7,train
7487,8,train
7488,9,train
7489,7,train
7490,1,train
7491,2,train
7492,1,train
7493,1,train
7494,5,train
7495,3,train
7496,5,val
7497,3,train
7498,6,test
7499,3,train
7500,1,train
7501,5,val
7502,0,train
7503,6,train
7504,3,train
7505,3,val
7506,6,train
7507,2,train
7508,8,train
7509,1,test
7510,1,train
7511,6,train
7512,7,val
7513,7,test
7514,0,test
7515,3,test
7516,5,train
7517,1,test
7518,9,train
7519,9,train
7520,3,val
7521,4,train
7522,2,train
7523,5,train
7524,2,train
7525,8,val
7526,5,test
7527,2,train
7528,2,val
7529,5,train
7530,9,train
7531,1,test
7532,2,test
7533,1,train
7534,0,train
7535,0,val
7536,7,val
7537,9,test
7538,6,train
7539,6,train
7540,0,train
7541,8,test
7542,9,train
7543,9,train
7544,6,train
7545,1,test
7546,6,train
7547,9,test
7548,9,val
7549,1,test
7550,5,test
7551,0,train
7552,2,train
7553,0,val
7554,3,train
7555,5,val
7556,1,test
7557,5,val
7558,0,train
7559,8,val
7560,2,train
7561,3,val
7562,3,train
7563,8,train
7564,9,val
7565,9,train
7566,7,train
7567,5,train
7568,2,val
7569,2,train
7570,2,train
7571,2,test
7572,5,train
7573,9,train
7574,6,train
7575,5,train
7576,1,train
7577,0,val
7578,6,train
7579,2,train
7580,2,train
7581,6,train
7582,1,test
7583,6,train
7584,5,train
7585,1,train
7586,3,train
7587,3,train
7588,7,train
7589,6,val
7590,6,train
7591,6,val
7592,7,train
7593,7,train
7594,2,train
7595,9,train
7596,7,train
7597,2,train
7598,8,test
7599,6,test
7600,3,train
7601,9,val
7602,5,val
7603,0,train
7604,2,test
7605,1,train
7606,3,train
7607,7,train
7608,6,train
7609,0,test
7610,9,train
7611,7,train
7612,3,train
7613,1,test
7614,8,train
7615,3,train
7616,1,train
7617,8,train
7618,7,train
7619,6,train
7620,1,train
7621,3,train
7622,1,train
7623,1,train
7624,2,train
7625,6,train
7626,8,train
7627,5,train
7628,9,train
7629,2,train
7630,9,train
7631,7,train
7632,2,val
7633,3,train
7634,7,test
7635,0,train
7636,9,train
7637,3,train
7638,2,train
7639,3,val
7640,8,val
7641,6,val
7642,1,val
7643,5,train
7644,6,train
7645,9,train
7646,5,train
7647,1,train
7648,8,train
7649,6,test
7650,3,train
7651,9,train
7652,1,train
7653,5,train
7654,2,val
7655,2,train
7656,7,val
7657,2,train
7658,3,val
7659,9,train
7660,2,train
7661,7,test
7662,7,train
7663,5,train
7664,5,train
7665,2,val
7666,5,test
7667,3,train
7668,9,train
7669,3,train
7670,0,train
7671,2,test
7672,6,train
7673,3,val
7674,9,train
7675,1,train
7676,7,test
7677,1,train
7678,0,test
7679,5,test
7680,2,train
7681,7,val
7682,5,train
7683,1,train
7684,8,test
7685,1,train
7686,7,train
7687,5,train
7688,1,train
7689,7,train
7690,1,train
7691,0,train
7692,3,val
7693,9,train
7694,0,train
7695,1,train
7696,8,test
7697,1,train
7698,1,train
7699,6,train
7700,4,train
7701,0,train
7702,1,train
7703,9,train
7704,2,train
7705,2,train
7706,3,train
7707,2,train
7708,7,test
7709,7,val
7710,0,test
7711,9,train
7712,3,test
7713,9,train
7714,1,val
7715,3,train
7716,2,train
7717,9,train
7718,7,train
7719,8,train
7720,9,val
7721,9,train
7722,1,train
7723,9,train
7724,8,val
7725,3,val
7726,0,train
7727,3,train
7728,6,train
7729,1,test
7730,9,train
7731,7,train
7732,9,train
7733,1,train
7734,9,train
7735,8,test
7736,7,train
7737,8,train
7738,3,train
7739,4,train
7740,7,train
7741,2,train
7742,9,train
7743,3,train
7744,9,test
7745,3,train
7746,9,train
7747,7,train
7748,2,train
7749,9,train
7750,0,train
7751,1,train
7752,3,train
7753,2,test
7754,7,train
7755,2,train
7756,8,train
7757,7,train
7758,9,train
7759,9,train
7760,3,train
7761,9,train
7762,2,train
7763,6,train
7764,3,train
7765,9,test
7766,5,train
7767,2,val
7768,7,train
7769,7,train
7770,1,val
7771,9,train
7772,6,test
7773,2,train
7774,9,train
7775,1,test
7776,1,val
7777,3,train
7778,8,train
7779,9,train
7780,2,train
7781,1,val
7782,1,train
7783,2,train
7784,8,train
7785,7,test
7786,4,train
7787,7,test
7788,9,train
7789,0,test
7790,6,test
7791,1,train
7792,7,train
7793,2,train
7794,2,train
7795,8,train
7796,5,train
7797,6,train
7798,2,train
7799,6,val
7800,7,test
7801,5,test
7802,3,train
7803,9,test
7804,8,test
7805,8,train
7806,2,train
7807,3,train
7808,3,train
7809,9,val
7810,6,train
7811,6,train
7812,6,train
7813,2,train
7814,7,train
7815,0,train
7816,9,train
7817,5,train
7818,6,val
7819,9,val
7820,1,train
7821,0,val
7822,6,train
7823,0,test
7824,2,val
7825,1,train
7826,9,train
7827,2,val
7828,5,test
7829,7,train
7830,2,train
7831,7,train
7832,6,test
7833,9,train
7834,7,train
7835,9,val
7836,7,train
7837,7,train
7838,2,train
7839,3,train
7840,2,val
7841,9,train
7842,6,train
7843,2,train
7844,1,train
7845,8,train
7846,1,val
7847,2,train
7848,9,train
7849,3,val
7850,6,train
7851,6,val
7852,9,train
7853,7,test
7854,3,train
7855,2,train
7856,6,test
7857,1,train
7858,2,train
7859,3,train
7860,7,train
7861,6,train
7862,6,train
7863,1,train
7864,2,train
7865,9,train
7866,6,train
7867,5,train
7868,7,train
7869,1,train
7870,2,train
7871,3,train
7872,8,val
7873,6,val
7874,8,val
7875,3,val
7876,2,train
7877,7,train
7878,1,train
7879,2,train
7880,9,test
7881,7,train
7882,8,train
7883,2,train
7884,1,train
7885,6,train
7886,5,train
7887,6,test
7888,9,train
7889,6,train
7890,2,test
7891,7,val
7892,3,train
7893,0,train
7894,2,val
7895,9,train
7896,3,train
7897,2,train
7898,1,train
7899,6,train
7900,7,train
7901,5,train
7902,2,train
7903,3,train
7904,6,train
7905,1,train
7906,8,train
7907,7,test
7908,5,test
7909,6,test
7910,7,train
7911,2,train
7912,0,train
7913,7,train
7914,0,train
7915,8,train
7916,5,val
7917,6,train
7918,0,train
7919,0,val
7920,6,train
7921,5,train
7922,8,train
7923,2,train
7924,9,train
7925,6,train
7926,6,train
7927,9,train
7928,2,val
7929,2,train
7930,5,test
7931,7,train
7932,2,val
7933,7,train
7934,3,train
7935,1,train
7936,2,val
7937,2,train
7938,1,train
7939,6,train
7940,5,train
7941,0,train
7942,9,train
7943,6,test
7944,2,val
7945,8,train
7946,0,val
7947,5,train
7948,0,train
7949,1,train
7950,6,train
7951,3,val
7952,8,train
7953,5,val
7954,6,train
7955,1,train
7956,0,train
7957,7,test
7958,6,train
7959,2,train
7960,2,train
7961,5,val
7962,2,train
7963,6,val
7964,6,train
7965,5,train
7966,6,test
7967,5,val
7968,2,train
7969,8,train
7970,7,train
7971,5,test
7972,2,train
7973,5,train
7974,7,train
7975,7,train
7976,3,test
7977,4,train
7978,5,test
7979,3,train
7980,2,train
7981,3,train
7982,0,train
7983,7,train
7984,3,train
7985,2,train
7986,1,train
7987,3,val
7988,3,train
7989,9,test
7990,6,train
7991,5,test
7992,7,train
7993,3,val
7994,7,test
7995,8,train
7996,2,test
7997,2,train
7998,1,test
7999,3,train
8000,1,val
8001,1,train
8002,7,train
8003,3,test
8004,6,train
8005,8,train
8006,7,val
8007,3,train
8008,8,train
8009,3,train
8010,2,test
8011,1,train
8012,5,train
8013,2,val
8014,3,train
8015,9,train
8016,2,train
8017,2,val
8018,4,val
8019,9,train
8020,1,test
8021,5,train
8022,3,train
8023,2,train
8024,7,train
8025,3,val
8026,9,train
8027,7,train
8028,5,test
8029,2,train
8030,5,train
8031,1,train
8032,8,train
8033,3,train
8034,9,test
8035,7,train
8036,9,train
8037,7,train
8038,3,test
8039,5,train
8040,1,test
8041,5,train
8042,6,train
8043,1,train
8044,6,train
8045,7,train
8046,2,val
8047,8,train
8048,5,train
8049,3,val
8050,7,train
8051,6,test
8052,8,val
8053,0,train
8054,0,train
8055,3,train
8056,0,val
8057,2,val
8058,8,train
8059,3,train
8060,1,test
8061,8,train
8062,1,train
8063,7,test
8064,5,train
8065,7,train
8066,8,train
8067,4,train
8068,1,train
8069,7,train
8070,1,train
8071,7,test
8072,2,train
8073,5,train
8074,7,train
8075,0,train
8076,5,train
8077,9,train
8078,1,val
8079,6,train
8080,0,train
8081,7,train
8082,9,train
8083,7,train
8084,6,test
8085,2,train
8086,9,val
8087,2,train
8088,8,train
8089,2,train
8090,7,train
8091,2,train
8092,9,train
8093,5,train
8094,1,train
8095,5,test
8096,8,val
8097,7,train
8098,5,test
8099,7,train
8100,3,train
8101,2,train
8102,2,test
8103,6,train
8104,7,train
8105,3,val
8106,8,val
8107,2,test
8108,5,train
8109,7,train
8110,6,train
8111,2,train
8112,8,train
8113,1,test
8114,6,train
8115,7,test
8116,3,train
8117,7,val
8118,7,train
8119,9,train
8120,3,train
8121,3,test
8122,8,val
8123,9,train
8124,9,train
8125,7,val
8126,5,train
8127,7,train
8128,4,train
8129,1,test
8130,7,val
8131,8,train
8132,2,train
8133,4,val
8134,6,train
8135,7,train
8136,9,train
8137,9,val
8138,1,val
8139,1,train
8140,7,train
8141,7,test
8142,1,train
8143,9,train
8144,6,train
8145,0,train
8146,3,val
8147,7,train
8148,5,train
8149,1,train
8150,8,val
8151,9,train
8152,5,val
8153,9,val
8154,9,train
8155,6,train
8156,7,train
8157,7,train
8158,9,train
8159,8,train
8160,3,train
8161,1,train
8162,7,test
8163,1,train
8164,6,train
8165,6,val
8166,8,test
8167,2,train
8168,7,train
8169,2,train
8170,7,test
8171,7,train
8172,6,train
8173,0,train
8174,6,train
8175,5,train
8176,5,test
8177,8,test
8178,8,train
8179,6,test
8180,2,train
8181,2,val
8182,2,train
8183,7,test
8184,4,train
8185,8,train
8186,0,val
8187,0,train
8188,2,test
8189,1,train
8190,9,test
8191,1,val
8192,2,val
8193,6,train
8194,7,test
8195,2,train
8196,9,test
8197,8,train
8198,6,train
8199,8,train
8200,1,train
8201,9,train
8202,6,train
8203,2,train
8204,5,test
8205,3,train
8206,2,train
8207,9,train
8208,1,train
8209,0,train
8210,1,train
8211,7,train
8212,3,train
8213,0,val
8214,2,train
8215,0,test
8216,4,train
8217,0,train
8218,2,train
8219,7,train
8220,2,test
8221,7,train
8222,1,val
8223,3,train
8224,7,test
8225,7,train
8226,9,train
8227,6,train
8228,2,train
8229,1,train
8230,7,train
8231,8,train
8232,2,test
8233,6,train
8234,9,train
8235,1,train
8236,2,test
8237,6,train
8238,8,test
8239,6,train
8240,1,train
8241,0,train
8242,1,val
8243,0,train
8244,3,train
8245,6,train
8246,5,train
8247,0,test
8248,7,train
8249,5,val
8250,8,train
8251,3,val
8252,1,train
8253,2,test
8254,7,val
8255,9,train
8256,3,val
8257,1,test
8258,2,test
8259,3,val
8260,1,train
8261,2,train
8262,6,train
8263,7,train
8264,6,train
8265,7,train
8266,2,train
8267,3,train
8268,7,train
8269,5,train
8270,9,val
8271,9,train
8272,9,train
8273,4,train
8274,6,test
8275,7,train
8276,5,val
8277,3,train
8278,3,train
8279,6,test
8280,6,train
8281,7,train
8282,2,test
8283,0,train
8284,7,train
8285,8,test
8286,7,train
8287,9,train
8288,7,val
8289,7,train
8290,7,train
8291,3,val
8292,3,train
8293,3,train
8294,5,train
8295,2,train
8296,2,train
8297,7,val
8298,5,train
8299,5,train
8300,4,val
8301,2,val
8302,6,train
8303,0,train
8304,3,train
8305,7,train
8306,4,train
8307,9,train
8308,1,train
8309,9,train
8310,7,train
8311,5,train
8312,7,train
8313,6,train
8314,7,train
8315,5,test
8316,2,train
8317,8,test
8318,2,train
8319,9,train
8320,8,train
8321,2,train
8322,2,test
8323,2,train
8324,7,train
8325,5,val
8326,8,train
8327,9,train
8328,5,test
8329,5,test
8330,7,val
8331,2,val
8332,4,train
8333,4,train
8334,8,test
8335,2,train
8336,9,val
8337,1,train
8338,7,train
8339,9,train
8340,8,train
8341,3,test
8342,9,train
8343,7,train
8344,2,val
8345,2,train
8346,1,train
8347,3,val
8348,3,train
8349,2,val
8350,0,train
8351,9,test
8352,9,train
8353,3,train
8354,2,test
8355,1,val
8356,5,train
8357,8,val
8358,1,val
8359,3,val
8360,2,train
8361,6,train
8362,1,train
8363,9,train
8364,5,val
8365,9,val
8366,4,train
8367,4,train
8368,7,train
8369,2,train
8370,8,val
8371,3,test
8372,0,train
8373,2,val
8374,3,train
8375,8,val
8376,8,test
8377,6,train
8378,8,val
8379,2,val
8380,3,train
8381,3,test
8382,6,train
8383,3,train
8384,5,train
8385,8,train
8386,2,train
8387,8,train
8388,1,train
8389,7,test
8390,1,train
8391,6,val
8392,0,train
8393,3,train
8394,3,test
8395,2,val
8396,8,train
8397,9,val
8398,6,train
8399,7,val
8400,3,test
8401,2,train
8402,2,train
8403,1,val
8404,7,train
8405,7,train
8406,7,train
8407,2,train
8408,8,test
8409,7,train
8410,0,test
8411,2,train
8412,2,train
8413,2,train
8414,2,train
8415,8,train
8416,8,train
8417,2,val
8418,9,train
8419,3,train
8420,1,train
8421,3,train
8422,8,test
8423,9,train
8424,2,test
8425,1,val
8426,1,val
8427,3,train
8428,6,train
8429,2,train
8430,2,train
8431,9,train
8432,6,train
8433,2,train
8434,6,test
8435,9,train
8436,2,train
8437,5,train
8438,1,test
8439,3,train
8440,5,train
8441,2,train
8442,3,train
8443,3,val
8444,7,train
8445,3,train
8446,8,train
8447,1,train
8448,7,train
8449,9,test
8450,6,test
8451,2,train
8452,7,train
8453,5,train
8454,9,train
8455,0,val
8456,6,train
8457,3,train
8458,7,train
8459,2,train
8460,3,train
8461,2,train
8462,1,val
8463,6,train
8464,7,train
8465,7,train
8466,9,val
8467,3,train
8468,9,train
8469,3,train
8470,3,train
8471,9,test
8472,4,val
8473,7,train
8474,0,train
8475,7,train
8476,1,train
8477,6,test
8478,2,train
8479,2,train
8480,1,train
8481,3,val
8482,7,train
8483,7,train
8484,9,val
8485,5,train
8486,2,train
8487,8,train
8488,5,train
8489,7,train
8490,3,train
8491,1,train
8492,7,train
8493,5,test
8494,1,test
8495,3,train
8496,0,train
8497,3,train
8498,8,train
8499,1,train
8500,3,val
8501,8,train
8502,7,train
8503,6,train
8504,8,train
8505,1,train
8506,6,train
8507,5,train
8508,7,train
8509,9,train
8510,6,train
8511,3,train
8512,5,val
8513,3,train
8514,3,train
8515,1,train
8516,8,val
8517,4,train
8518,3,train
8519,3,test
8520,7,train
8521,0,train
8522,6,train
8523,6,train
8524,2,train
8525,6,train
8526,3,train
8527,7,train
8528,9,train
8529,7,train
8530,5,train
8531,5,test
8532,5,train
8533,4,train
8534,1,train
8535,4,train
8536,3,train
8537,0,train
8538,7,train
8539,2,train
8540,5,train
8541,1,train
8542,2,train
8543,9,train
8544,5,train
8545,6,train
8546,6,val
8547,9,val
8548,2,test
8549,6,train
8550,9,train
8551,8,train
8552,9,train
8553,2,train
8554,0,train
8555,3,val
8556,3,val
8557,5,train
8558,6,train
8559,7,train
8560,2,train
8561,9,train
8562,5,train
8563,2,train
8564,7,train
8565,7,train
8566,7,val
8567,7,train
8568,5,test
8569,6,val
8570,6,train
8571,6,val
8572,2,train
8573,1,train
8574,6,train
8575,3,train
8576,5,train
8577,6,val
8578,6,train
8579,2,test
8580,9,train
8581,3,train
8582,6,train
8583,8,train
8584,6,test
8585,7,train
8586,7,test
8587,7,val
8588,6,train
8589,5,train
8590,8,val
8591,6,train
8592,1,train
8593,2,test
8594,7,train
8595,6,train
8596,6,train
8597,3,train
8598,5,val
8599,5,train
8600,5,train
8601,8,train
8602,3,train
8603,5,val
8604,2,train
8605,3,train
8606,0,train
8607,7,train
8608,8,val
8609,7,val
8610,6,train
8611,1,train
8612,2,val
8613,9,train
8614,3,test
8615,3,train
8616,8,train
8617,8,val
8618,0,val
8619,1,test
8620,3,val
8621,0,train
8622,2,test
8623,6,train
8624,9,val
8625,7,val
8626,8,train
8627,8,train
8628,8,train
8629,5,train
8630,9,train
8631,9,val
8632,1,train
8633,6,val
8634,8,test
8635,9,val
8636,5,val
8637,6,train
8638,5,train
8639,0,test
8640,9,train
8641,8,train
8642,2,val
8643,3,train
8644,8,train
8645,6,val
8646,3,test
8647,8,train
8648,9,val
8649,9,test
8650,9,train
8651,9,train
8652,2,test
8653,7,train
8654,6,train
8655,2,train
8656,1,train
8657,0,train
8658,8,train
8659,5,val
8660,3,train
8661,5,train
8662,3,train
8663,6,train
8664,2,train
8665,1,train
8666,5,train
8667,7,test
8668,3,train
8669,1,test
8670,3,train
8671,6,train
8672,1,test
8673,6,train
8674,7,train
8675,2,train
8676,1,train
8677,3,train
8678,6,train
8679,9,train
8680,3,train
8681,1,test
8682,7,train
8683,2,train
8684,5,test
8685,0,train
8686,7,val
8687,3,val
8688,3,test
8689,5,train
8690,5,test
8691,0,train
8692,6,train
8693,2,train
8694,9,test
8695,3,train
8696,3,train
8697,9,test
8698,2,train
8699,1,test
8700,9,test
8701,5,train
8702,0,train
8703,5,train
8704,1,train
8705,5,train
8706,2,train
8707,6,train
8708,7,train
8709,9,train
8710,7,train
8711,7,val
8712,7,val
8713,8,val
8714,4,test
8715,8,train
8716,2,train
8717,3,test
8718,3,train
8719,6,test
8720,2,test
8721,3,train
8722,7,train
8723,3,train
8724,5,train
8725,5,train
8726,9,val
8727,2,train
8728,6,val
8729,7,train
8730,7,train
8731,8,train
8732,7,test
8733,1,train
8734,2,val
8735,5,val
8736,6,train
8737,1,test
8738,6,train
8739,1,train
8740,0,val
8741,3,train
8742,2,train
8743,7,test
8744,2,train
8745,1,val
8746,6,val
8747,0,train
8748,1,train
8749,1,train
8750,9,train
8751,8,train
8752,1,train
8753,5,train
8754,7,test
8755,7,train
8756,1,test
8757,5,train
8758,7,train
8759,0,train
8760,2,train
8761,5,train
8762,7,train
8763,5,test
8764,2,train
8765,7,val
8766,8,val
8767,2,train
8768,5,train
8769,2,train
8770,8,train
8771,7,train
8772,6,train
8773,3,train
8774,5,train
8775,7,val
8776,7,train
8777,9,train
8778,3,val
8779,1,train
8780,5,train
8781,7,train
8782,7,val
8783,5,val
8784,8,train
8785,0,val
8786,5,test
8787,5,test
8788,6,train
8789,6,train
8790,5,train
8791,9,train
8792,2,test
8793,5,train
8794,2,test
8795,3,train
8796,9,val
8797,2,train
8798,4,train
8799,6,val
8800,1,train
8801,1,train
8802,7,train
8803,7,train
8804,3,val
8805,2,train
8806,2,train
8807,3,train
8808,2,val
8809,8,test
8810,1,val
8811,9,test
8812,9,val
8813,3,train
8814,1,train
8815,9,train
8816,9,train
8817,3,train
8818,3,train
8819,5,train
8820,1,train
8821,9,train
8822,0,train
8823,5,train
8824,2,train
8825,5,train
8826,3,train
8827,2,test
8828,0,train
8829,1,train
8830,0,train
8831,2,train
8832,1,train
8833,6,train
8834,5,train
8835,7,train
8836,2,train
8837,5,val
8838,8,train
8839,9,train
8840,7,train
8841,2,train
8842,0,train
8843,3,train
8844,6,train
8845,3,test
8846,2,val
8847,5,train
8848,8,train
8849,1,train
8850,9,train
8851,6,test
8852,4,train
8853,8,train
8854,1,val
8855,6,train
8856,7,train
8857,5,train
8858,2,train
8859,1,val
8860,9,test
8861,2,val
8862,7,test
8863,2,val
8864,3,train
8865,1,train
8866,9,train
8867,5,train
8868,7,train
8869,2,train
8870,9,train
8871,5,train
8872,2,val
8873,1,train
8874,0,train
8875,4,test
8876,3,val
8877,1,val
8878,9,val
8879,8,train
8880,3,test
8881,9,train
8882,9,train
8883,5,train
8884,0,train
8885,2,val
8886,3,train
8887,5,train
8888,6,train
8889,7,train
8890,5,train
8891,2,train
8892,9,train
8893,5,val
8894,3,val
8895,3,train
8896,3,test
8897,9,train
8898,3,train
8899,0,train
8900,3,train
8901,3,train
8902,1,val
8903,8,train
8904,3,train
8905,5,val
8906,3,train
8907,5,val
8908,4,train
8909,2,val
8910,7,train
8911,3,train
8912,8,train
8913,8,train
8914,8,train
8915,7,train
8916,2,train
8917,7,train
8918,7,train
8919,7,train
8920,2,train
8921,1,train
8922,1,val
8923,2,test
8924,0,train
8925,2,train
8926,5,train
8927,5,train
8928,0,train
8929,1,test
8930,7,train
8931,9,val
8932,7,train
8933,7,train
8934,2,val
8935,5,val
8936,7,test
8937,9,train
8938,7,train
8939,7,val
8940,7,train
8941,9,train
8942,4,test
8943,5,train
8944,2,train
8945,2,train
8946,9,train
8947,0,train
8948,8,train
8949,2,train
8950,2,test
8951,0,val
8952,7,train
8953,8,train
8954,3,train
8955,3,val
8956,3,test
8957,3,train
8958,1,train
8959,3,val
8960,5,test
8961,3,train
8962,5,train
8963,6,val
8964,1,train
8965,8,train
8966,5,train
8967,1,test
8968,7,train
8969,3,train
8970,0,test
8971,6,train
8972,2,test
8973,2,test
8974,0,train
8975,2,train
8976,5,train
8977,7,train
8978,6,train
8979,0,val
8980,7,train
8981,9,train
8982,3,train
8983,3,train
8984,7,train
8985,0,train
8986,2,train
8987,7,val
8988,5,train
8989,6,val
8990,4,train
8991,1,train
8992,0,val
8993,7,val
8994,7,train
8995,5,train
8996,1,train
8997,7,train
8998,8,train
8999,5,train
9000,5,val
9001,7,test
9002,2,train
9003,5,train
9004,2,val
9005,3,train
9006,5,train
9007,8,test
9008,9,test
9009,2,train
9010,6,train
9011,5,test
9012,6,train
9013,7,train
9014,9,test
9015,8,train
9016,0,test
9017,5,train
9018,9,train
9019,3,test
9020,1,val
9021,3,test
9022,2,train
9023,6,train
9024,1,train
9025,3,train
9026,5,test
9027,2,train
9028,7,val
9029,7,train
9030,9,val
9031,5,train
9032,7,train
9033,7,train
9034,5,test
9035,3,train
9036,2,train
9037,8,train
9038,3,train
9039,9,train
9040,9,train
9041,4,train
9042,7,train
9043,2,train
9044,2,train
9045,1,train
9046,5,train
9047,2,val
9048,9,test
9049,7,test
9050,1,test
9051,5,train
9052,1,train
9053,1,train
9054,5,val
9055,0,train
9056,5,train
9057,1,test
9058,2,val
9059,9,train
9060,6,val
9061,7,train
9062,6,train
9063,5,train
9064,2,test
9065,0,train
9066,3,train
9067,1,test
9068,3,train
9069,8,test
9070,1,train
9071,7,train
9072,5,train
9073,2,train
9074,5,val
9075,6,train
9076,8,train
9077,1,train
9078,2,test
9079,1,train
9080,3,test
9081,7,train
9082,7,train
9083,6,train
9084,6,train
9085,5,val
9086,8,train
9087,8,train
9088,3,train
9089,2,train
9090,0,test
9091,0,train
9092,5,train
9093,7,val
9094,1,train
9095,7,train
9096,3,train
9097,9,train
9098,8,val
9099,1,val
9100,7,train
9101,7,test
9102,6,test
9103,2,train
9104,6,test
9105,7,train
9106,6,train
9107,5,test
9108,0,test
9109,2,train
9110,3,train
9111,6,test
9112,9,val
9113,2,test
9114,6,val
9115,1,train
9116,3,train
9117,5,train
9118,7,val
9119,9,train
9120,2,test
9121,9,train
9122,2,train
9123,0,val
9124,0,val
9125,5,train
9126,0,train
9127,3,test
9128,5,train
9129,2,test
9130,1,test
9131,7,train
9132,3,train
9133,4,train
9134,8,train
9135,8,train
9136,7,train
9137,9,train
9138,7,train
9139,9,train
9140,2,train
9141,0,train
9142,2,test
9143,6,train
9144,5,train
9145,6,train
9146,3,train
9147,6,train
9148,3,train
9149,1,train
9150,7,train
9151,3,test
9152,6,train
9153,5,train
9154,5,val
9155,6,val
9156,9,train
9157,9,train
9158,6,train
9159,3,test
9160,7,train
9161,2,train
9162,7,val
9163,9,test
9164,9,train
9165,7,train
9166,6,train
9167,1,train
9168,7,train
9169,3,train
9170,9,train
9171,6,train
9172,0,train
9173,5,test
9174,8,train
9175,2,train
9176,9,val
9177,9,train
9178,7,val
9179,1,train
9180,7,train
9181,6,train
9182,7,val
9183,2,train
9184,1,train
9185,8,val
9186,7,train
9187,1,train
9188,2,val
9189,7,train
9190,7,train
9191,2,train
9192,2,train
9193,1,train
9194,3,train
9195,9,train
9196,2,train
9197,3,train
9198,2,train
9199,0,train
9200,7,test
9201,5,train
9202,3,train
9203,7,train
9204,7,train
9205,0,train
9206,2,train
9207,8,train
9208,8,test
9209,5,test
9210,4,val
9211,9,train
9212,7,test
9213,7,train
9214,9,train
9215,1,val
9216,7,train
9217,8,train
9218,0,train
9219,2,train
9220,2,test
9221,5,train
9222,8,train
9223,8,train
9224,5,test
9225,9,train
9226,7,train
9227,3,test
9228,2,train
9229,6,train
9230,6,test
9231,1,train
9232,1,test
9233,5,train
9234,8,train
9235,5,test
9236,9,val
9237,6,train
9238,1,train
9239,4,train
9240,2,train
9241,5,val
9242,7,train
9243,2,train
9244,7,test
9245,6,test
9246,7,train
9247,2,train
9248,1,train
9249,8,train
9250,0,train
9251,6,val
9252,0,train
9253,8,train
9254,2,train
9255,5,train
9256,8,test
9257,2,train
9258,2,train
9259,0,val
9260,7,train
9261,7,train
9262,7,test
9263,5,val
9264,9,train
9265,7,train
9266,2,train
9267,3,train
9268,7,train
9269,6,val
9270,7,train
9271,5,train
9272,4,val
9273,6,val
9274,7,train
9275,6,train
9276,6,train
9277,7,val
9278,2,val
9279,1,train
9280,2,train
9281,5,test
9282,4,train
9283,7,train
9284,2,test
9285,7,train
9286,4,val
9287,9,train
9288,3,train
9289,7,train
9290,0,test
9291,1,val
9292,5,train
9293,2,val
9294,3,train
9295,1,train
9296,9,val
9297,0,train
9298,2,train
9299,2,train
9300,3,train
9301,8,val
9302,8,train
9303,0,train
9304,2,train
9305,2,train
9306,5,train
9307,1,test
9308,8,train
9309,3,test
9310,5,train
9311,2,train
9312,1,test
9313,8,train
9314,9,test
9315,6,train
9316,3,test
9317,7,test
9318,2,train
9319,1,train
9320,9,train
9321,5,train
9322,9,val
9323,2,train
9324,9,test
9325,1,train
9326,7,test
9327,2,train
9328,7,train
9329,4,train
9330,8,train
9331,1,val
9332,9,train
9333,0,test
9334,7,train
9335,9,train
9336,7,val
9337,1,train
9338,3,val
9339,3,train
9340,3,test
9341,5,train
9342,3,test
9343,2,train
9344,3,train
9345,1,train
9346,6,val
9347,8,val
9348,0,val
9349,5,val
9350,9,train
9351,7,train
9352,3,train
9353,0,train
9354,5,train
9355,8,train
9356,3,train
9357,9,test
9358,5,train
9359,4,train
9360,0,test
9361,9,train
9362,2,train
9363,3,train
9364,2,val
9365,3,val
9366,8,train
9367,7,train
9368,1,train
9369,1,val
9370,5,test
9371,7,train
9372,0,test
9373,3,test
9374,2,test
9375,5,train
9376,3,train
9377,7,val
9378,1,train
9379,7,train
9380,1,train
9381,5,train
9382,5,test
9383,2,train
9384,3,train
9385,7,test
9386,7,train
9387,9,train
9388,4,train
9389,6,train
9390,5,train
9391,9,train
9392,6,train
9393,9,test
9394,1,train
9395,2,train
9396,8,train
9397,3,train
9398,9,train
9399,2,val
9400,7,train
9401,9,test
9402,1,train
9403,9,test
9404,2,train
9405,1,val
9406,1,train
9407,3,val
9408,6,train
9409,3,val
9410,6,train
9411,3,val
9412,5,test
9413,6,train
9414,2,train
9415,3,train
9416,7,train
9417,5,train
9418,5,train
9419,7,train
9420,5,val
9421,9,val
9422,8,val
9423,3,train
9424,2,train
9425,1,train
9426,2,train
9427,9,test
9428,0,train
9429,9,train
9430,8,train
9431,4,train
9432,1,train
9433,5,train
9434,7,test
9435,1,train
9436,8,train
9437,3,test
9438,5,train
9439,5,train
9440,5,train
9441,0,train
9442,1,train
9443,2,train
9444,3,train
9445,3,val
9446,2,train
9447,1,val
9448,1,val
9449,5,val
9450,7,train
9451,9,train
9452,6,train
9453,4,val
9454,2,test
9455,1,test
9456,2,train
9457,2,val
9458,0,train
9459,2,train
9460,2,train
9461,3,train
9462,3,train
9463,5,train
9464,7,val
9465,6,test
9466,2,train
9467,8,train
9468,6,train
9469,7,train
9470,5,train
9471,1,test
9472,7,train
9473,6,train
9474,9,val
9475,7,train
9476,6,train
9477,9,train
9478,5,train
9479,5,train
9480,7,train
9481,5,test
9482,2,train
9483,3,train
9484,3,train
9485,7,val
9486,6,train
9487,1,train
9488,9,train
9489,9,train
9490,5,train
9491,4,val
9492,2,test
9493,0,test
9494,6,train
9495,9,train
9496,2,train
9497,7,train
9498,7,train
9499,5,train
9500,0,train
9501,9,test
9502,7,test
9503,2,val
9504,6,test
9505,9,train
9506,2,train
9507,9,test
9508,9,train
9509,8,train
9510,9,test
9511,2,test
9512,2,train
9513,7,test
9514,2,train
9515,9,train
9516,1,test
9517,5,train
9518,7,test
9519,0,train
9520,0,train
9521,7,train
9522,1,test
9523,2,train
9524,9,test
9525,8,train
9526,3,train
9527,5,train
9528,3,train
9529,7,train
9530,3,train
9531,8,train
9532,8,train
9533,8,train
9534,3,train
9535,7,test
9536,0,train
9537,3,train
9538,2,train
9539,1,train
9540,7,train
9541,3,train
9542,3,val
9543,5,val
9544,7,train
9545,5,train
9546,2,train
9547,9,train
9548,0,train
9549,5,train
9550,0,test
9551,7,train
9552,0,train
9553,6,train
9554,3,train
9555,6,train
9556,3,train
9557,3,train
9558,0,train
9559,2,train
9560,3,val
9561,6,val
9562,9,train
9563,5,train
9564,8,train
9565,8,train
9566,9,val
9567,2,train
9568,2,train
9569,1,train
9570,5,test
9571,1,train
9572,5,train
9573,8,train
9574,9,test
9575,3,train
9576,5,val
9577,3,val
9578,5,train
9579,5,train
9580,7,test
9581,6,test
9582,2,test
9583,5,train
9584,9,test
9585,8,train
9586,6,train
9587,3,train
9588,2,test
9589,8,train
9590,8,train
9591,6,train
9592,3,test
9593,7,test
9594,3,train
9595,7,train
9596,2,val
9597,7,train
9598,2,train
9599,1,train
9600,6,train
9601,7,train
9602,1,train
9603,8,test
9604,5,val
9605,2,train
9606,1,train
9607,5,train
9608,6,val
9609,8,test
9610,9,train
9611,9,train
9612,5,train
9613,5,train
9614,2,val
9615,5,train
9616,8,train
9617,1,test
9618,7,train
9619,1,train
9620,9,val
9621,2,train
9622,3,train
9623,8,train
9624,9,train
9625,9,train
9626,5,test
9627,5,test
9628,3,train
9629,5,val
9630,8,val
9631,3,test
9632,0,train
9633,2,train
9634,5,train
9635,8,val
9636,2,train
9637,3,val
9638,7,train
9639,5,train
9640,1,train
9641,2,train
9642,9,train
9643,7,val
9644,7,train
9645,7,train
9646,3,train
9647,9,train
9648,8,train
9649,2,train
9650,7,train
9651,5,test
9652,2,val
9653,7,train
9654,1,test
9655,3,val
9656,2,val
9657,3,val
9658,1,train
9659,2,val
9660,8,val
9661,7,train
9662,8,val
9663,1,val
9664,2,train
9665,5,train
9666,1,train
9667,3,train
9668,3,test
9669,6,train
9670,1,train
9671,9,train
9672,3,test
9673,7,train
9674,9,val
9675,6,val
9676,9,test
9677,0,val
9678,9,train
9679,1,train
9680,8,val
9681,9,train
9682,5,train
9683,3,train
9684,6,train
9685,4,train
9686,5,val
9687,7,train
9688,7,test
9689,6,train
9690,2,train
9691,5,train
9692,0,train
9693,3,train
9694,9,train
9695,3,train
9696,2,test
9697,7,train
9698,5,train
9699,2,test
9700,6,train
9701,3,train
9702,3,train
9703,8,train
9704,3,train
9705,6,val
9706,9,train
9707,6,train
9708,2,train
9709,6,train
9710,2,train
9711,5,train
9712,0,train
9713,5,train
9714,2,train
9715,3,train
9716,7,train
9717,6,train
9718,9,train
9719,5,train
9720,4,train
9721,2,train
9722,7,train
9723,7,train
9724,2,train
9725,3,train
9726,9,train
9727,6,train
9728,3,train
9729,6,train
9730,7,test
9731,2,train
9732,7,train
9733,5,val
9734,2,test
9735,1,val
9736,5,val
9737,9,test
9738,7,val
9739,2,train
9740,6,train
9741,6,train
9742,9,train
9743,2,test
9744,5,train
9745,3,train
9746,9,train
9747,0,train
9748,3,train
9749,8,train
9750,9,train
9751,2,train
9752,8,train
9753,1,train
9754,9,train
9755,5,train
9756,8,val
9757,2,train
9758,2,test
9759,3,train
9760,7,val
9761,8,test
9762,2,train
9763,1,train
9764,5,test
9765,5,train
9766,1,train
9767,7,test
9768,3,train
9769,9,train
9770,2,train
9771,1,train
9772,2,test
9773,3,val
9774,3,test
9775,5,val
9776,8,val
9777,6,val
9778,8,train
9779,0,train
9780,5,train
9781,7,val
9782,0,train
9783,7,train
9784,7,train
9785,3,train
9786,3,test
9787,8,val
9788,9,test
9789,2,val
9790,9,train
9791,1,train
9792,5,train
9793,7,val
9794,5,train
9795,9,train
9796,9,train
9797,5,train
9798,2,val
9799,9,train
9800,4,val
9801,5,test
9802,3,train
9803,9,test
9804,8,train
9805,1,test
9806,9,test
9807,2,train
9808,8,train
9809,7,train
9810,2,train
9811,2,train
9812,6,train
9813,5,train
9814,2,train
9815,7,val
9816,3,test
9817,9,train
9818,1,train
9819,7,train
9820,2,train
9821,0,val
9822,7,train
9823,6,train
9824,7,test
9825,2,train
9826,2,train
9827,2,val
9828,5,train
9829,2,train
9830,7,train
9831,6,train
9832,6,train
9833,7,train
9834,7,test
9835,7,train
9836,1,train
9837,5,train
9838,5,train
9839,9,train
9840,9,test
9841,7,train
9842,3,train
9843,3,train
9844,6,val
9845,4,val
9846,3,train
9847,6,test
9848,3,train
9849,1,test
9850,0,train
9851,7,train
9852,2,train
9853,5,train
9854,5,test
9855,7,val
9856,9,train
9857,2,val
9858,7,train
9859,9,val
9860,5,train
9861,7,train
9862,2,train
9863,0,test
9864,6,train
9865,2,test
9866,1,train
9867,9,train
9868,1,test
9869,3,train
9870,7,test
9871,9,train
9872,2,train
9873,7,train
9874,2,test
9875,5,val
9876,5,train
9877,3,train
9878,9,train
9879,9,train
9880,5,test
9881,1,test
9882,9,val
9883,1,train
9884,1,train
9885,5,train
9886,6,train
9887,1,train
9888,2,train
9889,0,train
9890,2,val
9891,5,train
9892,9,test
9893,3,train
9894,9,test
9895,0,train
9896,7,train
9897,8,test
9898,0,train
9899,6,train
9900,1,train
9901,7,train
9902,0,train
9903,7,test
9904,8,train
9905,2,test
9906,2,train
9907,0,test
9908,0,test
9909,0,train
9910,6,train
9911,3,test
9912,7,train
9913,7,train
9914,1,train
9915,5,train
9916,2,test
9917,2,train
9918,2,train
9919,2,train
9920,9,train
9921,7,train
9922,8,test
9923,0,test
9924,5,train
9925,3,test
9926,8,train
9927,7,train
9928,1,train
9929,7,train
9930,6,train
9931,9,val
9932,1,val
9933,8,train
9934,8,train
9935,1,test
9936,7,test
9937,7,train
9938,9,train
9939,3,val
9940,0,train
9941,3,train
9942,9,test
9943,5,test
9944,7,test
9945,8,train
9946,7,train
9947,0,val
9948,9,train
9949,7,train
9950,7,train
9951,7,train
9952,9,train
9953,9,train
9954,7,train
9955,6,train
9956,1,train
9957,5,train
9958,1,train
9959,2,train
9960,2,train
9961,9,train
9962,9,train
9963,7,train
9964,7,val
9965,4,train
9966,5,test
9967,1,val
9968,4,train
9969,3,train
9970,5,test
9971,3,train
9972,7,train
9973,4,train
9974,2,train
9975,3,val
9976,2,train
9977,1,train
9978,3,train
9979,1,train
9980,2,train
9981,7,train
9982,9,val
9983,6,val
9984,3,train
9985,2,train
9986,2,train
9987,2,train
9988,8,val
9989,2,train
9990,8,train
9991,5,val
9992,4,train
9993,1,train
9994,1,val
9995,1,train
9996,1,train
9997,7,val
9998,3,test
9999,9,train
10000,0,train
10001,3,test
10002,8,train
10003,8,test
10004,2,train
10005,0,train
10006,9,val
10007,8,train
10008,9,train
10009,3,train
10010,8,train
10011,2,train
10012,7,test
10013,9,test
10014,2,val
10015,7,train
10016,8,train
10017,8,train
10018,2,test
10019,2,train
10020,5,test
10021,2,train
10022,2,test
10023,2,train
10024,5,train
10025,7,train
10026,6,train
10027,6,val
10028,7,train
10029,6,val
10030,9,train
10031,8,train
10032,0,train
10033,6,train
10034,7,train
10035,7,val
10036,7,test
10037,5,val
10038,9,train
10039,7,train
10040,2,train
10041,5,val
10042,2,val
10043,6,test
10044,5,train
10045,0,train
10046,9,train
10047,1,train
10048,7,train
10049,2,val
10050,8,train
10051,6,train
10052,5,train
10053,9,test
10054,3,val
10055,9,train
10056,7,train
10057,7,val
10058,9,train
10059,9,train
10060,2,train
10061,9,train
10062,2,train
10063,0,train
10064,1,test
10065,8,train
10066,7,test
10067,6,train
10068,5,val
10069,5,test
10070,7,train
10071,7,train
10072,3,val
10073,7,train
10074,6,train
10075,3,train
10076,7,train
10077,5,train
10078,3,train
10079,3,val
10080,2,val
10081,9,train
10082,6,test
10083,1,test
10084,2,train
10085,9,train
10086,7,val
10087,6,train
10088,9,train
10089,3,train
10090,7,val
10091,2,train
10092,5,train
10093,2,train
10094,4,train
10095,8,train
10096,2,train
10097,2,train
10098,3,test
10099,2,val
10100,1,train
10101,8,train
10102,7,train
10103,2,train
10104,1,test
10105,2,train
10106,7,train
10107,3,train
10108,9,train
10109,3,val
10110,8,train
10111,1,train
10112,3,train
10113,5,val
10114,7,train
10115,0,train
10116,9,train
10117,3,train
10118,9,train
10119,8,train
10120,5,train
10121,5,train
10122,7,train
10123,6,train
10124,5,train
10125,2,train
10126,6,train
10127,8,train
10128,5,val
10129,9,train
10130,5,train
10131,4,train
10132,6,train
10133,0,train
10134,2,train
10135,8,train
10136,5,train
10137,7,train
10138,3,train
10139,8,train
10140,5,train
10141,2,val
10142,8,test
10143,6,train
10144,1,train
10145,7,train
10146,3,train
10147,7,val
10148,6,train
10149,9,train
10150,6,train
10151,7,val
10152,1,train
10153,7,train
10154,9,test
10155,1,train
10156,2,train
10157,2,val
10158,6,train
10159,2,train
10160,3,train
10161,8,train
10162,7,val
10163,9,test
10164,3,train
10165,5,train
10166,7,train
10167,8,test
10168,1,train
10169,1,train
10170,6,train
10171,9,train
10172,1,train
10173,6,test
10174,7,train
10175,8,train
10176,2,train
10177,8,train
10178,5,train
10179,1,train
10180,1,val
10181,1,train
10182,7,test
10183,1,train
10184,6,train
10185,6,train
10186,1,train
10187,7,train
10188,0,test
10189,8,val
10190,8,train
10191,6,train
10192,1,train
10193,0,train
10194,5,train
10195,5,val
10196,3,val
10197,1,train
10198,2,train
10199,5,train
10200,2,train
10201,9,test
10202,3,train
10203,8,train
10204,6,train
10205,1,train
10206,9,train
10207,2,val
10208,6,test
10209,1,train
10210,2,train
10211,7,train
10212,1,train
10213,9,test
10214,9,train
10215,7,train
10216,8,train
10217,9,train
10218,3,train
10219,5,test
10220,9,train
10221,5,train
10222,5,train
10223,5,train
10224,5,test
10225,5,train
10226,7,train
10227,3,train
10228,9,train
10229,9,val
10230,9,train
10231,3,train
10232,6,train
10233,4,test
10234,1,train
10235,7,test
10236,1,train
10237,9,val
10238,2,train
10239,7,train
10240,9,train
10241,3,train
10242,0,train
10243,7,train
10244,5,train
10245,6,train
10246,7,train
10247,3,train
10248,6,test
10249,1,train
10250,6,train
10251,7,train
10252,6,test
10253,9,train
10254,2,train
10255,9,train
10256,8,val
10257,8,train
10258,6,train
10259,8,train
10260,8,val
10261,2,train
10262,0,val
10263,3,train
10264,6,train
10265,9,test
10266,7,train
10267,3,val
10268,6,val
10269,9,val
10270,7,train
10271,7,test
10272,1,train
10273,5,train
10274,2,test
10275,2,val
10276,3,train
10277,7,train
10278,5,train
10279,3,train
10280,2,train
10281,9,train
10282,9,test
10283,7,train
10284,7,val
10285,3,train
10286,9,val
10287,2,val
10288,2,test
10289,1,train
10290,9,train
10291,0,train
10292,1,train
10293,5,train
10294,0,train
10295,7,train
10296,6,val
10297,7,val
10298,7,train
10299,2,train
10300,0,train
10301,1,train
10302,3,test
10303,3,train
10304,6,train
10305,6,train
10306,8,val
10307,7,train
10308,7,val
10309,3,test
10310,9,val
10311,6,train
10312,8,test
10313,8,test
10314,1,val
10315,9,train
10316,8,val
10317,6,train
10318,8,train
10319,6,train
10320,3,test
10321,1,train
10322,7,test
10323,5,train
10324,5,train
10325,1,train
10326,2,train
10327,6,train
10328,2,val
10329,9,train
10330,0,train
10331,3,train
10332,5,val
10333,3,val
10334,3,train
10335,6,train
10336,5,val
10337,4,val
10338,7,val
10339,3,test
10340,7,val
10341,2,val
10342,6,train
10343,5,train
10344,0,train
10345,5,val
10346,5,train
10347,9,test
10348,7,train
10349,3,train
10350,1,train
10351,7,val
10352,9,train
10353,9,train
10354,2,test
10355,3,test
10356,8,train
10357,5,train
10358,9,train
10359,9,test
10360,2,train
10361,2,train
10362,1,train
10363,1,train
10364,7,val
10365,7,train
10366,2,test
10367,7,train
10368,9,train
10369,7,train
10370,6,test
10371,5,train
10372,0,train
10373,5,train
10374,2,train
10375,2,train
10376,3,train
10377,0,train
10378,6,train
10379,3,train
10380,9,test
10381,8,val
10382,2,train
10383,9,train
10384,5,train
10385,9,test
10386,7,train
10387,5,train
10388,7,train
10389,3,train
10390,3,train
10391,8,train
10392,7,train
10393,8,train
10394,1,train
10395,0,val
10396,1,train
10397,1,train
10398,6,train
10399,2,test
10400,7,train
10401,3,train
10402,7,train
10403,5,train
10404,6,train
10405,8,train
10406,7,val
10407,7,train
10408,6,train
10409,5,train
10410,2,train
10411,5,val
10412,1,train
10413,9,train
10414,5,test
10415,7,train
10416,1,test
10417,1,train
10418,7,train
10419,6,train
10420,7,train
10421,7,test
10422,1,train
10423,7,train
10424,9,train
10425,2,train
10426,6,train
10427,3,test
10428,6,train
10429,0,train
10430,0,test
10431,9,val
10432,2,train
10433,2,train
10434,2,train
10435,0,train
10436,6,train
10437,3,train
10438,1,train
10439,2,train
10440,7,val
10441,7,train
10442,1,train
10443,8,train
10444,9,train
10445,6,test
10446,2,train
10447,6,train
10448,8,val
10449,0,train
10450,9,train
10451,9,train
10452,9,test
10453,3,train
10454,3,train
10455,7,train
10456,7,train
10457,3,test
10458,1,train
10459,1,train
10460,3,train
10461,1,train
10462,1,train
10463,6,train
10464,3,train
10465,2,train
10466,7,test
10467,3,train
10468,0,train
10469,6,train
10470,6,train
10471,6,val
10472,8,train
10473,9,train
10474,6,train
10475,3,train
10476,6,train
10477,5,train
10478,9,train
10479,3,train
10480,8,train
10481,1,val
10482,8,train
10483,6,test
10484,2,test
10485,8,train
10486,5,train
10487,8,train
10488,2,train
10489,0,train
10490,3,train
10491,1,test
10492,8,train
10493,2,test
10494,3,test
10495,2,test
10496,3,test
10497,8,val
10498,6,val
10499,3,val
10500,1,train
10501,5,val
10502,6,train
10503,8,train
10504,3,train
10505,2,train
10506,6,train
10507,3,train
10508,0,train
10509,8,train
10510,2,train
10511,2,test
10512,1,train
10513,2,train
10514,1,train
10515,9,train
10516,6,test
10517,5,train
10518,9,train
10519,2,train
10520,0,train
10521,3,train
10522,2,val
10523,6,train
10524,1,train
10525,1,test
10526,5,train
10527,5,train
10528,8,train
10529,9,train
10530,7,val
10531,3,train
10532,1,train
10533,9,train
10534,7,val
10535,6,train
10536,2,val
10537,9,train
10538,8,train
10539,4,train
10540,3,train
10541,3,train
10542,5,train
10543,1,train
10544,7,train
10545,2,train
10546,5,train
10547,0,train
10548,7,train
10549,9,train
10550,0,train
10551,8,test
10552,2,train
10553,2,train
10554,1,train
10555,3,train
10556,2,val
10557,2,train
10558,9,val
10559,2,val
10560,5,val
10561,9,train
10562,2,train
10563,5,train
10564,9,train
10565,5,train
10566,7,train
10567,2,val
10568,9,train
10569,9,train
10570,9,train
10571,3,val
10572,9,train
10573,9,train
10574,2,test
10575,2,train
10576,5,train
10577,2,train
10578,5,train
10579,0,train
10580,9,train
10581,5,train
10582,1,train
10583,2,train
10584,2,train
10585,7,train
10586,5,train
10587,6,train
10588,1,train
10589,9,train
10590,8,train
10591,6,train
10592,7,train
10593,7,train
10594,5,test
10595,2,test
10596,3,train
10597,5,train
10598,7,train
10599,3,train
10600,3,train
10601,2,train
10602,3,train
10603,9,train
10604,1,val
10605,4,test
10606,9,test
10607,8,val
10608,7,val
10609,0,train
10610,9,train
10611,3,train
10612,5,test
10613,1,train
10614,2,val
10615,2,train
10616,3,train
10617,8,train
10618,1,val
10619,2,train
10620,8,train
10621,5,train
10622,3,train
10623,2,train
10624,5,val
10625,1,train
10626,3,train
10627,6,val
10628,6,train
10629,2,val
10630,5,train
10631,1,train
10632,8,test
10633,6,train
10634,6,train
10635,2,train
10636,5,train
10637,6,train
10638,3,train
10639,7,train
10640,7,train
10641,0,train
10642,7,train
10643,2,train
10644,2,train
10645,2,train
10646,5,train
10647,3,train
10648,9,train
10649,0,train
10650,2,test
10651,8,test
10652,3,train
10653,3,val
10654,3,test
10655,1,test
10656,7,test
10657,3,train
10658,1,val
10659,4,test
10660,3,train
10661,0,train
10662,6,train
10663,1,train
10664,3,train
10665,2,train
10666,7,train
10667,8,train
10668,1,val
10669,0,train
10670,1,train
10671,3,test
10672,8,train
10673,7,val
10674,6,train
10675,0,train
10676,7,train
10677,0,train
10678,2,train
10679,0,val
10680,8,val
10681,7,test
10682,9,test
10683,3,train
10684,2,test
10685,6,train
10686,3,test
10687,8,train
10688,0,train
10689,6,train
10690,6,val
10691,3,train
10692,7,train
10693,5,train
10694,2,test
10695,0,test
10696,3,train
10697,1,test
10698,8,train
10699,7,val
10700,4,test
10701,9,train
10702,2,test
10703,6,val
10704,3,train
10705,3,train
10706,1,train
10707,0,train
10708,2,train
10709,5,train
10710,8,val
10711,7,test
10712,6,val
10713,3,train
10714,2,test
10715,7,train
10716,6,train
10717,9,train
10718,9,train
10719,1,train
10720,2,train
10721,2,train
10722,2,train
10723,1,train
10724,6,train
10725,9,train
10726,1,test
10727,1,train
10728,2,val
10729,7,train
10730,7,train
10731,7,train
10732,5,train
10733,6,val
10734,2,train
10735,3,train
10736,7,train
10737,6,train
10738,5,train
10739,1,train
10740,3,train
10741,6,train
10742,1,val
10743,1,train
10744,1,train
10745,1,train
10746,2,train
10747,7,train
10748,5,val
10749,6,train
10750,6,train
10751,5,train
10752,2,test
10753,0,train
10754,5,test
10755,9,train
10756,0,train
10757,1,test
10758,0,val
10759,5,test
10760,5,train
10761,2,val
10762,5,train
10763,7,train
10764,5,test
10765,8,val
10766,6,train
10767,1,train
10768,3,train
10769,6,train
10770,5,test
10771,6,test
10772,2,train
10773,9,train
10774,0,train
10775,3,train
10776,3,val
10777,9,val
10778,6,train
10779,0,train
10780,3,val
10781,2,val
10782,9,train
10783,1,train
10784,7,train
10785,5,train
10786,7,test
10787,2,train
10788,3,test
10789,6,train
10790,9,val
10791,8,train
10792,5,train
10793,3,train
10794,6,train
10795,5,train
10796,1,train
10797,9,val
10798,3,train
10799,2,test
10800,6,train
10801,7,train
10802,7,val
10803,3,train
10804,2,val
10805,0,train
10806,3,train
10807,1,val
10808,8,train
10809,9,train
10810,1,test
10811,8,train
10812,2,test
10813,1,train
10814,2,train
10815,2,train
10816,1,train
10817,2,train
10818,7,train
10819,2,train
10820,5,train
10821,3,train
10822,3,test
10823,9,train
10824,8,train
10825,6,train
10826,8,train
10827,8,test
10828,2,train
10829,4,test
10830,9,val
10831,2,train
10832,3,train
10833,7,train
10834,1,train
10835,2,val
10836,6,train
10837,7,train
10838,2,train
10839,6,train
10840,9,train
10841,1,test
10842,2,train
10843,3,train
10844,2,train
10845,9,train
10846,5,train
10847,7,train
10848,3,train
10849,3,train
10850,9,test
10851,5,train
10852,2,test
10853,7,train
10854,5,train
10855,3,train
10856,9,val
10857,2,train
10858,6,val
10859,8,train
10860,6,train
10861,5,train
10862,1,val
10863,2,train
10864,2,val
10865,7,train
10866,9,train
10867,5,train
10868,7,test
10869,6,test
10870,6,train
10871,8,train
10872,3,train
10873,3,test
10874,8,test
10875,2,test
10876,3,test
10877,7,train
10878,9,train
10879,2,test
10880,2,train
10881,5,train
10882,1,test
10883,6,train
10884,5,train
10885,3,val
10886,6,train
10887,2,train
10888,2,train
10889,0,test
10890,2,val
10891,6,train
10892,1,test
10893,8,train
10894,8,train
10895,3,test
10896,0,train
10897,2,train
10898,6,train
10899,3,train
10900,2,test
10901,1,train
10902,7,train
10903,0,train
10904,7,train
10905,2,train
10906,9,test
10907,8,train
10908,8,train
10909,5,test
10910,8,train
10911,3,test
10912,1,train
10913,7,test
10914,9,train
10915,5,test
10916,9,train
10917,3,train
10918,9,val
10919,2,train
10920,5,train
10921,9,val
10922,1,train
10923,7,train
10924,5,val
10925,6,train
10926,2,train
10927,6,train
10928,9,val
10929,8,train
10930,1,val
10931,9,train
10932,2,train
10933,9,test
10934,5,train
10935,7,test
10936,8,train
10937,0,train
10938,7,train
10939,3,train
10940,8,train
10941,2,test
10942,1,train
10943,1,train
10944,8,val
10945,7,val
10946,2,train
10947,7,test
10948,1,train
10949,9,train
10950,5,train
10951,3,train
10952,3,train
10953,2,train
10954,5,train
10955,5,train
10956,9,train
10957,0,val
10958,5,train
10959,9,train
10960,1,val
10961,0,test
10962,5,train
10963,7,train
10964,6,train
10965,9,train
10966,0,test
10967,2,train
10968,6,val
10969,8,train
10970,6,val
10971,0,train
10972,6,test
10973,8,test
10974,1,val
10975,3,train
10976,3,val
10977,0,test
10978,9,test
10979,0,train
10980,6,test
10981,6,train
10982,9,test
10983,7,val
10984,6,train
10985,3,test
10986,7,train
10987,7,train
10988,5,train
10989,7,train
10990,8,val
10991,8,val
10992,0,train
10993,8,test
10994,7,train
10995,9,train
10996,8,train
10997,3,train
10998,7,val
10999,7,train
11000,3,train
11001,3,train
11002,2,train
11003,1,val
11004,9,train
11005,7,train
11006,1,train
11007,0,val
11008,9,test
11009,6,train
11010,7,train
11011,6,train
11012,2,test
11013,9,train
11014,1,train
11015,5,train
11016,3,train
11017,8,train
11018,5,train
11019,6,train
11020,8,train
11021,2,train
11022,8,train
11023,5,train
11024,2,train
11025,5,test
11026,7,train
11027,3,test
11028,9,train
11029,3,train
11030,2,train
11031,2,train
11032,7,train
11033,6,train
11034,2,train
11035,3,train
11036,5,train
11037,8,train
11038,7,train
11039,9,val
11040,6,test
11041,8,val
11042,0,train
11043,4,train
11044,2,train
11045,8,train
11046,1,train
11047,2,train
11048,7,test
11049,1,train
11050,7,train
11051,5,train
11052,1,train
11053,5,train
11054,3,train
11055,7,train
11056,7,train
11057,7,train
11058,2,train
11059,3,val
11060,1,train
11061,5,train
11062,5,train
11063,9,train
11064,9,train
11065,6,train
11066,2,val
11067,0,test
11068,5,val
11069,6,test
11070,2,train
11071,9,val
11072,2,val
11073,6,test
11074,3,train
11075,2,train
11076,1,val
11077,1,val
11078,2,val
11079,4,train
11080,1,val
11081,0,train
11082,7,test
11083,9,val
11084,5,train
11085,3,train
11086,1,train
11087,2,train
11088,2,train
11089,2,train
11090,2,train
11091,8,test
11092,1,train
11093,5,train
11094,2,test
11095,6,train
11096,3,train
11097,7,train
11098,2,test
11099,2,train
11100,1,train
11101,2,train
11102,3,train
11103,7,train
11104,7,test
11105,7,train
11106,3,val
11107,3,train
11108,0,val
11109,9,val
11110,9,val
11111,0,train
11112,3,train
11113,1,train
11114,3,val
11115,6,train
11116,1,train
11117,9,train
11118,2,test
11119,7,train
11120,2,train
11121,5,test
11122,7,train
11123,7,test
11124,7,train
11125,0,val
11126,2,train
11127,7,train
11128,0,train
11129,1,val
11130,3,train
11131,9,train
11132,7,train
11133,3,train
11134,6,test
11135,1,train
11136,4,train
11137,1,train
11138,6,train
11139,8,train
11140,4,val
11141,8,train
11142,6,val
11143,8,train
11144,9,val
11145,0,val
11146,6,test
11147,6,train
11148,3,train
11149,3,train
11150,2,train
11151,3,train
11152,1,test
11153,5,train
11154,3,val
11155,7,train
11156,9,train
11157,2,train
11158,3,train
11159,2,train
11160,6,train
11161,1,train
11162,6,train
11163,7,train
11164,8,test
11165,9,train
11166,8,train
11167,2,train
11168,7,train
11169,2,train
11170,2,test
11171,3,val
11172,5,val
11173,2,train
11174,7,train
11175,2,train
11176,5,train
11177,7,train
11178,2,train
11179,5,train
11180,2,test
11181,8,test
11182,1,train
11183,5,val
11184,4,val
11185,1,train
11186,2,train
11187,3,val
11188,0,train
11189,2,train
11190,7,train
11191,7,test
11192,3,val
11193,7,train
11194,7,val
11195,5,train
11196,8,train
11197,7,train
11198,1,train
11199,9,val
11200,3,train
11201,8,test
11202,1,train
11203,1,train
11204,0,test
11205,5,val
11206,9,train
11207,7,train
11208,6,train
11209,6,train
11210,5,train
11211,7,train
11212,7,train
11213,1,train
11214,1,train
11215,1,train
11216,3,train
11217,2,train
11218,7,train
11219,8,train
11220,6,train
11221,8,val
11222,1,train
11223,0,train
11224,3,train
11225,7,train
11226,7,train
11227,6,train
11228,6,train
11229,6,train
11230,7,train
11231,9,train
11232,5,train
11233,1,train
11234,7,train
11235,1,test
11236,1,train
11237,6,train
11238,8,train
11239,2,train
11240,1,train
11241,7,val
11242,7,val
11243,8,train
11244,3,test
11245,7,train
11246,6,train
11247,2,train
11248,9,train
11249,8,train
11250,3,train
11251,1,train
11252,6,train
11253,2,train
11254,7,train
11255,7,val
11256,7,train
11257,5,train
11258,2,train
11259,6,train
11260,2,train
11261,1,val
11262,3,train
11263,3,train
11264,8,train
11265,6,train
11266,0,train
11267,2,test
11268,2,val
11269,8,val
11270,0,val
11271,6,train
11272,7,train
11273,6,train
11274,1,train
11275,8,train
11276,9,train
11277,2,val
11278,8,test
11279,0,val
11280,5,train
11281,9,train
11282,7,val
11283,1,test
11284,9,test
11285,5,train
11286,7,train
11287,1,train
11288,1,train
11289,9,test
11290,7,train
11291,6,train
11292,9,train
11293,5,train
11294,7,train
11295,1,train
11296,7,val
11297,6,train
11298,1,train
11299,1,train
11300,6,train
11301,1,val
11302,6,train
11303,5,test
11304,9,train
11305,5,train
11306,6,test
11307,2,train
11308,3,train
11309,2,train
11310,0,train
11311,5,train
11312,2,test
11313,9,train
11314,5,test
11315,3,test
11316,2,train
11317,2,train
11318,5,train
11319,5,val
11320,8,train
11321,5,test
11322,5,test
11323,3,train
11324,4,train
11325,5,train
11326,2,train
11327,2,train
11328,5,test
11329,5,train
11330,9,train
11331,9,val
11332,6,train
11333,3,val
11334,1,train
11335,7,train
11336,2,test
11337,2,train
11338,2,val
11339,6,test
11340,9,train
11341,0,train
11342,7,train
11343,2,train
11344,6,train
11345,1,train
11346,7,train
11347,3,train
11348,2,train
11349,0,train
11350,5,train
11351,2,train
11352,9,train
11353,1,test
11354,9,test
11355,0,train
11356,6,test
11357,5,train
11358,3,train
11359,8,train
11360,9,val
11361,7,train
11362,9,train
11363,9,test
11364,2,train
11365,5,train
11366,7,train
11367,2,train
11368,4,train
11369,7,train
11370,7,test
11371,7,test
11372,3,train
11373,1,test
11374,2,val
11375,9,train
11376,2,test
11377,1,train
11378,6,val
11379,3,train
11380,8,train
11381,1,train
11382,9,train
11383,8,train
11384,9,train
11385,1,train
11386,2,train
11387,3,val
11388,5,train
11389,0,train
11390,2,train
11391,0,train
11392,6,test
11393,0,train
11394,7,val
11395,2,train
11396,7,train
11397,8,train
11398,2,train
11399,6,train
11400,5,train
11401,9,test
11402,5,train
11403,8,train
11404,0,train
11405,7,test
11406,6,test
11407,7,train
11408,5,train
11409,7,train
11410,5,train
11411,5,val
11412,5,train
11413,4,train
11414,2,train
11415,6,test
11416,5,train
11417,5,test
11418,1,train
11419,7,train
11420,5,train
11421,1,train
11422,2,val
11423,6,train
11424,2,test
11425,7,train
11426,9,test
11427,2,train
11428,3,val
11429,9,val
11430,9,train
11431,3,test
11432,3,train
11433,0,train
11434,0,val
11435,6,train
11436,5,train
11437,8,test
11438,1,train
11439,5,train
11440,7,train
11441,1,test
11442,8,train
11443,2,train
11444,6,train
11445,5,train
11446,7,train
11447,3,train
11448,0,test
11449,0,val
11450,5,train
11451,4,train
11452,0,train
11453,9,train
11454,3,train
11455,5,train
11456,8,train
11457,7,val
11458,5,train
11459,9,train
11460,9,train
11461,3,train
11462,6,train
11463,5,train
11464,5,train
11465,5,train
11466,8,train
11467,6,train
11468,7,test
11469,3,train
11470,3,train
11471,9,train
11472,0,test
11473,7,train
11474,6,val
11475,7,train
11476,2,test
11477,6,train
11478,2,train
11479,1,train
11480,3,train
11481,7,val
11482,2,train
11483,1,train
11484,1,val
11485,8,train
11486,8,test
11487,7,train
11488,7,train
11489,7,train
11490,3,train
11491,7,test
11492,9,val
11493,3,val
11494,7,train
11495,1,val
11496,1,train
11497,5,train
11498,1,val
11499,2,train
11500,8,test
11501,8,train
11502,9,train
11503,5,train
11504,6,val
11505,3,train
11506,6,train
11507,9,train
11508,2,train
11509,7,val
11510,6,train
11511,9,train
11512,5,train
11513,9,train
11514,3,val
11515,4,train
11516,9,test
11517,8,train
11518,5,train
11519,9,train
11520,5,train
11521,2,val
11522,0,train
11523,8,train
11524,5,train
11525,2,train
11526,8,test
11527,3,train
11528,5,train
11529,2,train
11530,2,train
11531,8,val
11532,0,train
11533,6,train
11534,1,val
11535,7,train
11536,9,train
11537,7,train
11538,3,train
11539,9,train
11540,2,train
11541,2,train
11542,9,train
11543,2,test
11544,5,train
11545,9,train
11546,7,test
11547,2,train
11548,8,train
11549,1,test
11550,6,train
11551,6,train
11552,3,train
11553,1,test
11554,9,test
11555,3,train
11556,6,test
11557,8,train
11558,3,train
11559,9,train
11560,3,val
11561,5,train
11562,0,train
11563,1,train
11564,3,val
11565,9,train
11566,3,val
11567,6,train
11568,9,train
11569,2,train
11570,5,train
11571,3,train
11572,6,train
11573,3,train
11574,7,train
11575,2,train
11576,9,train
11577,9,train
11578,6,train
11579,4,train
11580,1,val
11581,7,train
11582,5,test
11583,5,val
11584,1,train
11585,2,train
11586,1,train
11587,6,test
11588,1,test
11589,0,train
11590,5,val
11591,6,test
11592,0,train
11593,9,test
11594,7,val
11595,3,train
11596,1,train
11597,7,test
11598,8,train
11599,0,train
11600,2,val
11601,8,train
11602,0,test
11603,3,train
11604,6,val
11605,7,val
11606,1,train
11607,8,train
11608,6,train
11609,3,train
11610,0,train
11611,9,val
11612,2,train
11613,9,train
11614,2,train
11615,0,test
11616,1,train
11617,2,val
11618,1,train
11619,1,train
11620,2,test
11621,6,train
11622,6,train
11623,2,val
11624,1,train
11625,0,test
11626,3,train
11627,1,val
11628,9,train
11629,5,train
11630,6,test
11631,3,val
11632,2,train
11633,7,train
11634,5,train
11635,6,train
11636,5,train
11637,8,train
11638,9,train
11639,8,train
11640,9,val
11641,9,train
11642,2,val
11643,5,train
11644,8,train
11645,4,train
11646,2,train
11647,9,val
11648,1,train
11649,3,train
11650,5,test
11651,9,train
11652,7,train
11653,2,train
11654,8,train
11655,6,test
11656,8,val
11657,5,train
11658,1,train
11659,8,train
11660,3,train
11661,2,train
11662,5,train
11663,9,train
11664,3,train
11665,8,test
11666,1,train
11667,1,train
11668,6,train
11669,9,train
11670,6,test
11671,2,train
11672,5,train
11673,8,test
11674,3,test
11675,5,train
11676,7,val
11677,5,val
11678,1,val
11679,2,val
11680,1,train
11681,2,train
11682,1,val
11683,6,train
11684,7,test
11685,7,test
11686,7,train
11687,2,train
11688,9,val
11689,2,train
11690,5,train
11691,6,train
11692,1,val
11693,2,train
11694,6,train
11695,8,train
11696,5,train
11697,8,train
11698,2,test
11699,6,val
11700,2,train
11701,2,train
11702,1,train
11703,6,train
11704,6,val
11705,2,train
11706,5,test
11707,5,train
11708,6,train
11709,8,train
11710,0,train
11711,7,train
11712,1,train
11713,6,train
11714,8,train
11715,9,train
11716,6,train
11717,5,train
11718,5,test
11719,1,train
11720,8,train
11721,9,train
11722,7,test
11723,9,train
11724,8,train
11725,8,train
11726,8,train
11727,9,test
11728,0,test
11729,2,train
11730,5,train
11731,3,train
11732,0,train
11733,1,test
11734,0,train
11735,9,test
11736,5,train
11737,1,train
11738,6,train
11739,2,train
11740,1,val
11741,6,train
11742,8,train
11743,3,test
11744,9,test
11745,9,test
11746,2,val
11747,0,test
11748,1,train
11749,9,train
11750,7,val
11751,7,train
11752,5,train
11753,8,val
11754,6,train
11755,5,train
11756,8,train
11757,6,train
11758,3,train
11759,1,train
11760,1,train
11761,3,test
11762,5,val
11763,6,train
11764,7,test
11765,5,train
11766,9,train
11767,1,train
11768,7,train
11769,5,val
11770,5,test
11771,5,train
11772,1,train
11773,4,train
11774,3,train
11775,5,train
11776,2,val
11777,7,test
11778,2,train
11779,7,val
11780,2,train
11781,7,test
11782,2,train
11783,7,test
11784,0,train
11785,9,train
11786,2,train
11787,5,train
11788,9,train
11789,0,val
11790,2,val
11791,6,train
11792,4,train
11793,8,train
11794,2,test
11795,6,train
11796,8,train
11797,2,train
11798,9,train
11799,6,val
11800,8,train
11801,8,val
11802,1,train
11803,5,test
11804,9,train
11805,9,train
11806,3,train
11807,8,train
11808,2,train
11809,7,train
11810,9,train
11811,6,val
11812,9,test
11813,7,test
11814,1,train
11815,5,train
11816,3,train
11817,7,train
11818,8,train
11819,0,train
11820,5,train
11821,2,val
11822,8,val
11823,0,train
11824,2,test
11825,7,train
11826,7,train
11827,9,train
11828,7,train
11829,6,train
11830,3,train
11831,2,train
11832,0,train
11833,5,train
11834,5,test
11835,7,test
11836,6,train
11837,4,train
11838,7,train
11839,6,train
11840,3,test
11841,0,train
11842,5,train
11843,6,train
11844,2,test
11845,9,train
11846,8,train
11847,2,train
11848,0,train
11849,6,train
11850,5,train
11851,6,train
11852,3,train
11853,7,train
11854,1,train
11855,7,train
11856,1,train
11857,5,train
11858,5,train
11859,3,train
11860,6,train
11861,8,val
11862,1,val
11863,7,train
11864,5,test
11865,0,train
11866,8,val
11867,7,train
11868,8,test
11869,1,train
11870,2,train
11871,7,train
11872,3,train
11873,1,test
11874,2,test
11875,6,train
11876,7,train
11877,2,train
11878,0,train
11879,6,train
11880,2,test
11881,7,train
11882,7,train
11883,2,train
11884,9,train
11885,6,val
11886,0,train
11887,7,train
11888,9,train
11889,6,train
11890,3,train
11891,2,train
11892,2,train
11893,2,train
11894,2,train
11895,3,val
11896,0,train
11897,3,train
11898,9,train
11899,7,train
11900,3,train
11901,4,train
11902,5,val
11903,3,test
11904,5,val
11905,9,val
11906,7,train
11907,5,train
11908,8,train
11909,6,val
11910,0,train
11911,3,train
11912,1,train
11913,7,test
11914,5,train
11915,7,train
11916,4,test
11917,6,test
11918,2,train
11919,9,train
11920,2,test
11921,1,test
11922,5,train
11923,7,test
11924,8,train
11925,7,train
11926,6,val
11927,7,train
11928,2,train
11929,5,val
11930,2,train
11931,6,test
11932,6,val
11933,3,train
11934,3,train
11935,5,val
11936,5,train
11937,2,test
11938,5,val
11939,7,train
11940,7,train
11941,5,val
11942,5,train
11943,2,train
11944,8,train
11945,0,train
11946,7,train
11947,0,test
11948,2,train
11949,3,train
11950,5,test
11951,5,val
11952,9,test
11953,1,train
11954,0,train
11955,5,train
11956,3,train
11957,9,train
11958,1,val
11959,2,train
11960,7,train
11961,8,train
11962,6,train
11963,6,val
11964,7,test
11965,5,train
11966,8,train
11967,8,train
11968,2,train
11969,6,test
11970,1,test
11971,6,train
11972,4,train
11973,7,train
11974,1,val
11975,3,train
11976,9,train
11977,9,train
11978,6,test
11979,1,test
11980,1,val
11981,8,val
11982,3,train
11983,2,train
11984,8,train
11985,7,train
11986,5,val
11987,2,train
11988,2,train
11989,3,train
11990,2,val
11991,5,test
11992,1,train
11993,0,train
11994,3,train
11995,2,train
11996,7,train
11997,9,train
11998,5,train
11999,6,train
12000,8,train
12001,9,train
12002,6,train
12003,3,train
12004,3,train
12005,3,train
12006,7,train
12007,1,train
12008,0,train
12009,9,train
12010,7,train
12011,4,test
12012,1,train
12013,2,test
12014,8,train
12015,7,train
12016,6,train
12017,2,train
12018,5,val
12019,2,train
12020,5,train
12021,7,test
12022,5,train
12023,0,train
12024,6,train
12025,1,train
12026,3,test
12027,3,train
12028,0,train
12029,3,train
12030,9,train
12031,6,train
12032,1,train
12033,2,val
12034,2,test
12035,6,train
12036,1,train
12037,7,train
12038,2,test
12039,3,train
12040,8,test
12041,7,train
12042,0,val
12043,3,train
12044,7,test
12045,1,val
12046,8,train
12047,7,test
12048,5,train
12049,4,train
12050,7,train
12051,6,val
12052,5,train
12053,1,train
12054,3,train
12055,3,train
12056,7,test
12057,1,train
12058,3,val
12059,1,val
12060,3,test
12061,6,val
12062,6,train
12063,7,train
12064,9,train
12065,7,train
12066,3,test
12067,6,train
12068,1,val
12069,5,test
12070,8,train
12071,1,train
12072,7,train
12073,9,train
12074,6,train
12075,1,train
12076,7,train
12077,7,val
12078,2,train
12079,2,train
12080,9,train
12081,0,train
12082,7,train
12083,9,val
12084,7,train
12085,8,val
12086,8,val
12087,2,val
12088,3,train
12089,7,train
12090,8,train
12091,1,train
12092,4,train
12093,7,train
12094,3,train
12095,1,test
12096,6,val
12097,1,train
12098,3,train
12099,3,test
12100,2,train
12101,7,train
12102,8,train
12103,2,train
12104,8,val
12105,2,train
12106,5,test
12107,3,train
12108,6,train
12109,4,val
12110,6,train
12111,0,train
12112,3,test
12113,7,train
12114,0,test
12115,6,train
12116,7,test
12117,9,train
12118,7,val
12119,3,train
12120,3,train
12121,2,val
12122,6,test
12123,3,train
12124,9,train
12125,6,train
12126,8,train
12127,7,train
12128,0,train
12129,1,train
12130,1,train
12131,6,test
12132,1,val
12133,8,train
12134,1,test
12135,9,train
12136,8,train
12137,1,train
12138,9,test
12139,8,train
12140,2,test
12141,2,train
12142,8,train
12143,1,test
12144,3,train
12145,7,train
12146,5,train
12147,8,train
12148,9,test
12149,2,train
12150,2,train
12151,2,val
12152,3,val
12153,3,train
12154,8,val
12155,3,train
12156,8,train
12157,8,train
12158,3,train
12159,2,train
12160,8,train
12161,6,train
12162,7,train
12163,2,train
12164,6,train
12165,8,train
12166,3,test
12167,1,train
12168,6,test
12169,1,val
12170,9,train
12171,2,train
12172,7,train
12173,2,train
12174,4,train
12175,7,train
12176,3,train
12177,8,train
12178,6,val
12179,1,train
12180,3,train
12181,7,train
12182,3,train
12183,9,train
12184,7,val
12185,9,train
12186,1,train
12187,0,train
12188,6,train
12189,7,train
12190,7,train
12191,7,train
12192,0,val
12193,8,train
12194,2,val
12195,2,train
12196,2,train
12197,1,test
12198,6,train
12199,0,train
12200,5,test
12201,3,test
12202,3,train
12203,9,train
12204,6,test
12205,0,train
12206,6,train
12207,2,val
12208,0,train
12209,7,train
12210,8,train
12211,2,train
12212,5,train
12213,0,train
12214,0,test
12215,9,train
12216,5,train
12217,8,train
12218,6,train
12219,0,val
12220,3,test
12221,6,test
12222,6,val
12223,2,train
12224,5,train
12225,6,train
12226,3,val
12227,0,train
12228,1,train
12229,2,val
12230,0,test
12231,7,val
12232,6,train
12233,3,train
12234,2,train
12235,8,test
12236,8,train
12237,1,val
12238,1,train
12239,9,train
12240,9,train
12241,1,test
12242,6,train
12243,6,train
12244,8,train
12245,8,train
12246,3,val
12247,3,test
12248,0,val
12249,5,train
12250,5,train
12251,5,train
12252,7,test
12253,5,train
12254,2,val
12255,6,train
12256,8,val
12257,1,train
12258,9,train
12259,8,test
12260,3,train
12261,3,train
12262,9,train
12263,6,test
12264,6,test
12265,0,test
12266,2,test
12267,2,val
12268,0,train
12269,7,train
12270,2,train
12271,3,val
12272,0,train
12273,3,train
12274,3,train
12275,6,train
12276,0,train
12277,7,test
12278,5,train
12279,1,train
12280,7,train
12281,7,val
12282,9,test
12283,9,train
12284,3,test
12285,7,train
12286,3,train
12287,9,train
12288,0,train
12289,6,train
12290,7,train
12291,3,train
12292,1,test
12293,8,test
12294,5,val
12295,2,train
12296,5,test
12297,1,train
12298,5,test
12299,8,test
12300,2,test
12301,4,test
12302,1,test
12303,7,train
12304,9,train
12305,9,train
12306,3,val
12307,2,train
12308,6,train
12309,6,test
12310,6,train
12311,5,test
12312,5,train
12313,9,train
12314,2,train
12315,3,train
12316,3,train
12317,5,test
12318,1,test
12319,2,train
12320,6,train
12321,7,train
12322,8,test
12323,0,val
12324,7,train
12325,7,train
12326,7,test
12327,2,train
12328,9,test
12329,8,test
12330,5,val
12331,6,train
12332,7,test
12333,9,val
12334,6,test
12335,6,train
12336,6,train
12337,2,train
12338,7,train
12339,2,val
12340,9,test
12341,8,train
12342,7,train
12343,8,test
12344,7,train
12345,7,train
12346,8,val
12347,1,train
12348,5,train
12349,9,train
12350,4,test
12351,9,train
12352,6,train
12353,7,train
12354,9,train
12355,8,train
12356,1,train
12357,5,train
12358,8,train
12359,6,train
12360,6,train
12361,7,train
12362,9,train
12363,1,train
12364,3,train
12365,3,train
12366,1,test
12367,6,test
12368,6,train
12369,1,train
12370,1,test
12371,1,train
12372,3,train
12373,5,train
12374,4,train
12375,8,test
12376,7,train
12377,8,test
12378,2,train
12379,5,val
12380,3,train
12381,5,train
12382,4,test
12383,3,test
12384,9,train
12385,7,train
12386,9,test
12387,2,train
12388,8,train
12389,7,train
12390,7,train
12391,2,train
12392,7,train
12393,0,test
12394,8,test
12395,2,train
12396,6,test
12397,7,train
12398,8,test
12399,1,train
12400,1,train
12401,1,val
12402,2,train
12403,7,train
12404,3,train
12405,1,test
12406,8,train
12407,2,train
12408,9,test
12409,9,train
12410,5,test
12411,7,train
12412,7,train
12413,1,train
12414,1,train
12415,5,train
12416,1,train
12417,6,train
12418,3,train
12419,7,train
12420,9,val
12421,7,train
12422,0,test
12423,1,val
12424,9,train
12425,9,train
12426,2,test
12427,9,train
12428,4,val
12429,2,test
12430,5,test
12431,0,train
12432,5,test
12433,2,train
12434,1,train
12435,9,train
12436,3,train
12437,2,test
12438,5,val
12439,1,test
12440,0,val
12441,0,train
12442,5,train
12443,2,val
12444,7,train
12445,7,train
12446,3,train
12447,2,train
12448,7,train
12449,7,train
12450,6,train
12451,0,train
12452,9,train
12453,7,train
12454,1,train
12455,8,train
12456,2,train
12457,2,test
12458,9,val
12459,8,train
12460,9,test
12461,1,train
12462,5,train
12463,9,train
12464,0,train
12465,9,test
12466,0,train
12467,7,train
12468,0,train
12469,2,train
12470,8,train
12471,2,val
12472,0,train
12473,6,val
12474,2,train
12475,3,train
12476,3,test
12477,7,val
12478,3,val
12479,2,train
12480,0,train
12481,0,train
12482,2,train
12483,7,train
12484,5,test
12485,1,test
12486,0,test
12487,8,train
12488,5,train
12489,2,val
12490,7,val
12491,3,train
12492,9,train
12493,1,val
12494,7,train
12495,5,train
12496,9,train
12497,1,test
12498,2,train
12499,1,val
12500,3,test
12501,7,test
12502,6,train
12503,3,train
12504,7,train
12505,2,test
12506,7,train
12507,8,test
12508,8,train
12509,3,test
12510,6,train
12511,3,train
12512,5,train
12513,9,test
12514,9,test
12515,9,train
12516,1,train
12517,1,train
12518,3,val
12519,7,train
12520,7,val
12521,3,test
12522,9,train
12523,6,val
12524,7,train
12525,9,train
12526,6,train
12527,9,val
12528,6,train
12529,7,train
12530,6,train
12531,7,train
12532,4,train
12533,6,val
12534,3,test
12535,0,train
12536,7,train
12537,1,train
12538,7,train
12539,5,train
12540,2,train
12541,3,train
12542,2,train
12543,2,train
12544,8,train
12545,3,train
12546,9,test
12547,1,train
12548,8,train
12549,7,test
12550,1,val
12551,3,train
12552,2,train
12553,2,train
12554,3,train
12555,3,test
12556,2,train
12557,7,train
12558,7,train
12559,8,val
12560,7,train
12561,8,train
12562,3,train
12563,1,train
12564,5,train
12565,3,train
12566,2,train
12567,6,train
12568,2,train
12569,9,train
12570,2,val
12571,6,val
12572,7,train
12573,5,train
12574,5,train
12575,2,train
12576,9,train
12577,5,train
12578,1,train
12579,0,train
12580,1,val
12581,5,val
12582,8,train
12583,6,test
12584,0,train
12585,7,train
12586,2,train
12587,9,train
12588,5,train
12589,0,test
12590,3,test
12591,8,test
12592,2,test
12593,7,val
12594,0,train
12595,9,test
12596,8,train
12597,3,train
12598,9,test
12599,9,train
12600,9,train
12601,6,train
12602,8,train
12603,3,train
12604,9,train
12605,3,test
12606,7,val
12607,7,train
12608,2,train
12609,0,test
12610,2,test
12611,7,train
12612,1,train
12613,7,test
12614,9,train
12615,8,train
12616,2,train
12617,6,train
12618,3,train
12619,3,train
12620,6,train
12621,1,train
12622,1,val
12623,7,train
12624,0,train
12625,3,train
12626,9,train
12627,2,val
12628,2,train
12629,6,train
12630,9,test
12631,0,train
12632,5,train
12633,2,train
12634,6,val
12635,4,train
12636,3,train
12637,8,train
12638,9,train
12639,9,train
12640,5,train
12641,9,train
12642,0,train
12643,1,train
12644,2,train
12645,1,train
12646,9,train
12647,7,train
12648,6,val
12649,5,train
12650,1,test
12651,7,train
12652,3,train
12653,4,test
12654,8,train
12655,3,train
12656,9,train
12657,2,val
12658,5,train
12659,2,test
12660,9,train
12661,5,train
12662,5,train
12663,2,test
12664,2,train
12665,9,train
12666,8,val
12667,5,train
12668,9,train
12669,3,val
12670,2,val
12671,9,val
12672,4,train
12673,0,test
12674,2,train
12675,2,train
12676,9,train
12677,3,train
12678,3,train
12679,9,train
12680,2,test
12681,6,train
12682,9,val
12683,5,train
12684,5,train
12685,2,train
12686,3,test
12687,9,train
12688,6,train
12689,9,train
12690,7,train
12691,7,val
12692,8,train
12693,5,train
12694,3,train
12695,7,train
12696,7,train
12697,9,val
12698,7,train
12699,2,val
12700,7,train
12701,7,train
12702,9,train
12703,2,train
12704,1,train
12705,0,train
12706,9,val
12707,7,test
12708,6,test
12709,3,train
12710,5,train
12711,0,train
12712,9,test
12713,9,train
12714,1,train
12715,9,train
12716,7,train
12717,7,train
12718,6,train
12719,6,val
12720,9,train
12721,3,train
12722,5,train
12723,5,train
12724,3,train
12725,9,test
12726,3,train
12727,7,train
12728,2,train
12729,6,train
12730,0,train
12731,5,train
12732,2,train
12733,2,val
12734,1,test
12735,6,train
12736,6,train
12737,1,train
12738,3,train
12739,7,train
12740,5,train
12741,9,train
12742,4,train
12743,5,val
12744,9,val
12745,3,val
12746,2,test
12747,0,train
12748,7,train
12749,8,train
12750,3,train
12751,1,train
12752,8,train
12753,8,val
12754,5,val
12755,9,train
12756,2,train
12757,2,val
12758,9,train
12759,2,test
12760,6,train
12761,8,train
12762,6,train
12763,3,train
12764,7,train
12765,6,train
12766,5,train
12767,7,val
12768,8,train
12769,2,val
12770,2,test
12771,3,train
12772,7,train
12773,7,train
12774,3,train
12775,2,val
12776,6,train
12777,3,train
12778,9,train
12779,2,train
12780,7,train
12781,8,train
12782,5,train
12783,9,train
12784,7,val
12785,7,train
12786,8,train
12787,5,train
12788,6,train
12789,9,train
12790,6,train
12791,0,test
12792,2,train
12793,6,val
12794,1,val
12795,9,train
12796,8,train
12797,9,test
12798,3,train
12799,3,train
12800,6,train
12801,8,val
12802,5,train
12803,5,train
12804,0,train
12805,7,train
12806,9,train
12807,8,train
12808,2,test
12809,6,test
12810,8,train
12811,9,val
12812,9,train
12813,1,test
12814,7,train
12815,2,train
12816,2,train
12817,1,train
12818,1,train
12819,1,val
12820,1,train
12821,1,test
12822,6,train
12823,8,train
12824,6,train
12825,6,test
12826,2,val
12827,7,val
12828,1,train
12829,3,train
12830,5,val
12831,6,train
12832,2,train
12833,9,train
12834,1,train
12835,3,train
12836,3,train
12837,7,train
12838,5,train
12839,2,train
12840,2,train
12841,7,train
12842,5,val
12843,9,train
12844,6,train
12845,8,val
12846,2,train
12847,3,val
12848,2,train
12849,2,train
12850,8,test
12851,6,test
12852,0,test
12853,1,val
12854,6,train
12855,5,train
12856,6,test
12857,9,train
12858,1,train
12859,2,train
12860,6,train
12861,7,train
12862,7,train
12863,2,train
12864,1,test
12865,1,val
12866,0,train
12867,7,val
12868,7,train
12869,9,test
12870,0,train
12871,3,val
12872,8,test
12873,6,train
12874,5,train
12875,8,test
12876,0,test
12877,2,train
12878,6,val
12879,2,train
12880,5,test
12881,5,train
12882,5,train
12883,2,train
12884,2,train
12885,3,train
12886,9,train
12887,7,train
12888,3,train
12889,2,val
12890,5,test
12891,0,train
12892,1,train
12893,6,train
12894,7,test
12895,6,test
12896,1,train
12897,8,test
12898,7,train
12899,6,val
12900,2,train
12901,6,train
12902,3,train
12903,8,train
12904,3,train
12905,7,train
12906,1,train
12907,9,test
12908,1,train
12909,5,train
12910,9,train
12911,9,train
12912,3,train
12913,9,val
12914,0,val
12915,7,train
12916,8,test
12917,7,train
12918,0,train
12919,8,train
12920,7,train
12921,6,train
12922,5,train
12923,3,train
12924,1,train
12925,6,val
12926,6,val
12927,1,train
12928,6,val
12929,0,train
12930,5,val
12931,8,train
12932,7,train
12933,1,test
12934,2,train
12935,2,train
12936,3,test
12937,7,train
12938,8,train
12939,7,test
12940,3,train
12941,9,train
12942,1,val
12943,9,train
12944,8,train
12945,9,train
12946,9,train
12947,8,train
12948,0,train
12949,2,train
12950,0,val
12951,7,train
12952,7,train
12953,2,train
12954,6,train
12955,7,train
12956,0,train
12957,9,train
12958,9,val
12959,0,test
12960,8,val
12961,6,train
12962,3,train
12963,1,test
12964,1,test
12965,5,test
12966,7,train
12967,5,train
12968,0,test
12969,2,train
12970,7,train
12971,3,train
12972,6,train
12973,6,train
12974,2,train
12975,3,test
12976,3,train
12977,5,train
12978,5,train
12979,3,train
12980,5,test
12981,9,test
12982,7,test
12983,5,test
12984,6,train
12985,9,train
12986,8,test
12987,3,val
12988,2,train
12989,2,train
12990,2,train
12991,5,train
12992,1,train
12993,7,train
12994,3,train
12995,9,train
12996,3,train
12997,8,train
12998,0,train
12999,9,train
13000,3,train
13001,6,train
13002,6,train
13003,0,val
13004,4,val
13005,9,train
13006,7,train
13007,2,train
13008,5,train
13009,6,train
13010,8,train
13011,5,test
13012,2,train
13013,5,train
13014,6,train
13015,7,train
13016,2,train
13017,5,val
13018,6,test
13019,8,val
13020,7,train
13021,7,train
13022,7,train
13023,6,train
13024,7,train
13025,3,train
13026,7,test
13027,9,train
13028,0,train
13029,3,train
13030,4,train
13031,2,train
13032,9,train
13033,7,test
13034,5,train
13035,7,val
13036,7,train
13037,6,train
13038,8,train
13039,7,train
13040,9,train
13041,6,train
13042,7,train
13043,2,val
13044,6,train
13045,8,train
13046,2,train
13047,8,train
13048,1,val
13049,1,train
13050,7,val
13051,3,train
13052,1,train
13053,3,train
13054,1,val
13055,2,train
13056,8,test
13057,6,train
13058,2,train
13059,2,train
13060,7,train
13061,2,train
13062,7,train
13063,6,test
13064,6,train
13065,3,train
13066,5,train
13067,7,train
13068,5,val
13069,0,train
13070,8,val
13071,8,train
13072,5,train
13073,9,train
13074,7,train
13075,5,train
13076,3,val
13077,5,val
13078,6,val
13079,2,train
13080,2,train
13081,7,train
13082,2,train
13083,7,val
13084,9,train
13085,0,train
13086,2,train
13087,8,test
13088,7,train
13089,2,train
13090,0,train
13091,1,val
13092,4,train
13093,3,train
13094,7,train
13095,5,train
13096,1,train
13097,2,train
13098,9,train
13099,3,train
13100,8,train
13101,5,train
13102,7,train
13103,0,test
13104,6,train
13105,2,train
13106,5,val
13107,9,train
13108,8,val
13109,1,test
13110,5,train
13111,1,train
13112,7,train
13113,3,val
13114,0,train
13115,7,train
13116,7,val
13117,5,val
13118,3,train
13119,9,val
13120,1,train
13121,7,train
13122,2,train
13123,0,train
13124,1,train
13125,7,val
13126,0,val
13127,3,train
13128,3,train
13129,0,train
13130,8,test
13131,0,train
13132,9,train
13133,7,test
13134,9,test
13135,7,test
13136,8,train
13137,3,test
13138,7,test
13139,2,train
13140,9,train
13141,8,train
13142,8,test
13143,6,test
13144,2,val
13145,0,train
13146,5,train
13147,6,test
13148,3,train
13149,8,test
13150,2,train
13151,2,train
13152,2,train
13153,1,train
13154,0,train
13155,1,train
13156,9,train
13157,4,train
13158,9,train
13159,7,train
13160,2,train
13161,1,test
13162,6,train
13163,2,test
13164,0,train
13165,3,val
13166,7,test
13167,6,train
13168,7,val
13169,3,test
13170,6,test
13171,7,train
13172,6,train
13173,5,test
13174,1,train
13175,9,test
13176,2,train
13177,0,val
13178,3,val
13179,5,val
13180,2,test
13181,2,test
13182,6,train
13183,1,train
13184,1,train
13185,7,train
13186,2,train
13187,7,train
13188,5,train
13189,6,train
13190,7,val
13191,7,train
13192,5,train
13193,2,val
13194,2,val
13195,9,train
13196,1,train
13197,3,train
13198,9,val
13199,4,train
13200,2,val
13201,8,train
13202,4,train
13203,2,val
13204,3,val
13205,0,val
13206,5,val
13207,3,train
13208,2,val
13209,6,train
13210,7,train
13211,0,train
13212,2,train
13213,7,train
13214,6,train
13215,9,val
13216,5,test
13217,2,train
13218,5,train
13219,1,train
13220,1,train
13221,1,train
13222,0,val
13223,1,val
13224,7,train
13225,0,train
13226,8,train
13227,0,val
13228,3,train
13229,9,train
13230,2,train
13231,1,train
13232,3,train
13233,3,train
13234,5,val
13235,9,train
13236,9,test
13237,1,train
13238,5,train
13239,3,train
13240,3,train
13241,9,train
13242,8,train
13243,1,val
13244,7,train
13245,3,train
13246,9,train
13247,5,train
13248,2,train
13249,0,train
13250,5,train
13251,1,val
13252,8,val
13253,3,train
13254,5,train
13255,7,test
13256,5,train
13257,2,train
13258,6,train
13259,9,train
13260,9,train
13261,9,train
13262,0,train
13263,8,train
13264,7,test
13265,6,train
13266,7,train
13267,3,train
13268,0,test
13269,4,train
13270,8,train
13271,9,val
13272,6,train
13273,1,train
13274,9,train
13275,7,train
13276,9,train
13277,7,train
13278,3,train
13279,5,train
13280,1,train
13281,7,train
13282,8,train
13283,7,train
13284,5,train
13285,9,train
13286,1,train
13287,2,test
13288,7,train
13289,6,val
13290,0,train
13291,7,val
13292,6,train
13293,6,train
13294,5,test
13295,8,test
13296,5,test
13297,1,test
13298,4,train
13299,5,test
13300,9,train
13301,3,val
13302,3,val
13303,9,train
13304,9,train
13305,3,train
13306,1,val
13307,2,train
13308,8,train
13309,2,train
13310,2,train
13311,6,train
13312,5,train
13313,6,train
13314,2,train
13315,2,train
13316,0,train
13317,3,train
13318,1,train
13319,5,val
13320,2,train
13321,9,train
13322,8,train
13323,0,train
13324,1,train
13325,0,val
13326,5,val
13327,1,val
13328,7,train
13329,6,test
13330,0,train
13331,7,train
13332,8,val
13333,6,train
13334,2,train
13335,9,train
13336,2,train
13337,2,train
13338,9,val
13339,5,val
13340,7,train
13341,8,train
13342,6,train
13343,5,train
13344,3,train
13345,1,train
13346,1,test
13347,5,val
13348,7,train
13349,5,train
13350,2,val
13351,0,val
13352,5,train
13353,7,test
13354,1,test
13355,3,test
13356,9,train
13357,5,val
13358,3,train
13359,9,train
13360,3,train
13361,0,train
13362,6,train
13363,2,train
13364,7,train
13365,8,train
13366,1,train
13367,7,val
13368,1,train
13369,1,train
13370,3,test
13371,0,train
13372,8,train
13373,8,train
13374,1,train
13375,2,train
13376,3,train
13377,2,train
13378,1,train
13379,1,test
13380,6,train
13381,5,train
13382,3,test
13383,9,train
13384,3,train
13385,2,train
13386,7,train
13387,2,test
13388,2,test
13389,5,train
13390,0,train
13391,7,train
13392,8,train
13393,5,train
13394,1,val
13395,5,train
13396,6,test
13397,3,val
13398,6,train
13399,7,train
13400,3,test
13401,5,train
13402,5,test
13403,7,test
13404,3,train
13405,0,train
13406,7,train
13407,8,train
13408,3,train
13409,1,test
13410,7,train
13411,8,val
13412,2,test
13413,4,train
13414,5,test
13415,3,train
13416,1,train
13417,2,train
13418,2,train
13419,8,test
13420,9,train
13421,6,train
13422,1,train
13423,6,train
13424,8,train
13425,7,test
13426,5,train
13427,2,train
13428,5,train
13429,1,test
13430,7,val
13431,1,train
13432,7,train
13433,2,test
13434,1,test
13435,5,train
13436,5,train
13437,5,train
13438,5,train
13439,6,train
13440,7,train
13441,1,train
13442,8,train
13443,8,train
13444,1,train
13445,9,val
13446,2,val
13447,0,train
13448,7,test
13449,8,train
13450,3,val
13451,2,train
13452,5,train
13453,9,train
13454,2,train
13455,7,train
13456,3,train
13457,2,val
13458,2,train
13459,6,val
13460,2,train
13461,5,train
13462,7,train
13463,6,train
13464,8,train
13465,7,train
13466,6,train
13467,2,train
13468,3,train
13469,7,train
13470,0,train
13471,2,train
13472,2,train
13473,5,train
13474,2,val
13475,7,train
13476,7,val
13477,6,train
13478,1,test
13479,5,train
13480,7,train
13481,7,val
13482,2,train
13483,0,test
13484,9,train
13485,8,val
13486,2,train
13487,5,train
13488,8,train
13489,5,train
13490,9,train
13491,0,train
13492,3,train
13493,6,train
13494,6,train
13495,9,train
13496,7,test
13497,7,train
13498,2,train
13499,3,train
13500,7,val
13501,7,test
13502,1,train
13503,3,train
13504,2,train
13505,2,test
13506,5,val
13507,7,train
13508,6,train
13509,6,train
13510,2,val
13511,3,train
13512,7,val
13513,8,train
13514,6,val
13515,9,train
13516,9,train
13517,9,train
13518,5,train
13519,2,test
13520,5,val
13521,6,train
13522,8,train
13523,1,train
13524,5,test
13525,2,test
13526,3,train
13527,7,test
13528,0,val
13529,1,train
13530,3,train
13531,3,train
13532,7,train
13533,7,train
13534,1,train
13535,7,train
13536,9,train
13537,6,train
13538,9,val
13539,9,test
13540,2,train
13541,9,train
13542,9,train
13543,9,train
13544,4,val
13545,6,train
13546,0,train
13547,9,val
13548,7,train
13549,3,train
13550,7,train
13551,7,val
13552,5,train
13553,1,train
13554,3,test
13555,8,val
13556,2,train
13557,2,test
13558,2,val
13559,3,train
13560,3,train
13561,6,train
13562,6,train
13563,5,test
13564,6,test
13565,6,test
13566,9,train
13567,8,val
13568,6,test
13569,1,train
13570,1,train
13571,5,train
13572,2,train
13573,7,train
13574,7,train
13575,2,train
13576,1,train
13577,0,val
13578,3,train
13579,2,train
13580,2,test
13581,6,val
13582,2,train
13583,7,test
13584,7,train
13585,8,train
13586,5,train
13587,9,train
13588,9,train
13589,6,train
13590,1,test
13591,3,train
13592,0,train
13593,2,test
13594,2,train
13595,5,val
13596,2,train
13597,6,train
13598,7,test
13599,8,train
13600,2,val
13601,5,test
13602,4,train
13603,2,train
13604,5,train
13605,9,train
13606,2,train
13607,9,val
13608,0,train
13609,2,train
13610,5,train
13611,0,train
13612,5,train
13613,5,test
13614,9,train
13615,6,train
13616,7,train
13617,6,test
13618,4,val
13619,7,val
13620,1,train
13621,5,train
13622,1,train
13623,9,train
13624,3,train
13625,7,train
13626,2,train
13627,3,train
13628,4,train
13629,6,val
13630,0,train
13631,5,train
13632,9,train
13633,0,train
13634,9,train
13635,2,test
13636,3,train
13637,0,val
13638,2,train
13639,7,train
13640,2,train
13641,8,train
13642,5,train
13643,1,train
13644,9,val
13645,1,train
13646,5,val
13647,5,train
13648,8,test
13649,9,train
13650,1,test
13651,2,train
13652,6,train
13653,6,train
13654,0,val
13655,6,train
13656,7,train
13657,2,train
13658,6,val
13659,5,train
13660,3,train
13661,7,train
13662,5,train
13663,2,train
13664,8,train
13665,5,train
13666,3,val
13667,9,train
13668,2,train
13669,5,train
13670,7,val
13671,6,val
13672,5,train
13673,7,train
13674,6,test
13675,1,train
13676,8,train
13677,9,train
13678,1,train
13679,2,val
13680,1,test
13681,2,val
13682,6,train
13683,3,train
13684,3,train
13685,2,val
13686,5,train
13687,2,train
13688,0,train
13689,2,test
13690,7,train
13691,5,train
13692,2,train
13693,6,train
13694,2,val
13695,6,test
13696,6,test
13697,7,test
13698,0,train
13699,2,train
13700,2,train
13701,3,val
13702,9,train
13703,3,val
13704,6,val
13705,2,train
13706,6,val
13707,1,train
13708,7,train
13709,8,train
13710,5,train
13711,5,train
13712,7,train
13713,2,train
13714,9,train
13715,6,test
13716,9,train
13717,8,test
13718,7,train
13719,8,train
13720,7,val
13721,6,test
13722,9,train
13723,2,train
13724,7,val
13725,3,test
13726,8,train
13727,5,train
13728,3,val
13729,5,val
13730,5,val
13731,0,train
13732,6,train
13733,0,train
13734,6,train
13735,3,train
13736,2,train
13737,8,train
13738,5,train
13739,1,train
13740,6,train
13741,4,train
13742,2,train
13743,3,train
13744,6,train
13745,2,train
13746,2,train
13747,2,train
13748,2,train
13749,5,train
13750,1,train
13751,5,train
13752,3,train
13753,6,train
13754,8,val
13755,9,train
13756,9,train
13757,5,train
13758,6,train
13759,3,train
13760,8,train
13761,2,val
13762,8,train
13763,2,test
13764,9,train
13765,1,train
13766,7,train
13767,1,val
13768,0,train
13769,2,train
13770,1,train
13771,6,val
13772,2,test
13773,9,val
13774,2,train
13775,8,test
13776,3,train
13777,1,test
13778,9,train
13779,3,train
13780,3,val
13781,6,train
13782,3,train
13783,9,test
13784,3,train
13785,6,train
13786,2,test
13787,0,test
13788,7,train
13789,7,val
13790,9,train
13791,9,train
13792,3,test
13793,1,train
13794,0,train
13795,7,test
13796,2,train
13797,6,train
13798,2,test
13799,5,val
13800,5,train
13801,9,train
13802,8,val
13803,2,val
13804,7,train
13805,2,train
13806,2,train
13807,1,test
13808,2,train
13809,7,train
13810,5,train
13811,5,train
13812,6,train
13813,7,train
13814,2,train
13815,3,train
13816,8,train
13817,8,val
13818,2,test
13819,7,val
13820,8,train
13821,8,val
13822,9,train
13823,9,test
13824,1,train
13825,2,train
13826,5,train
13827,8,train
13828,7,train
13829,5,test
13830,7,train
13831,3,val
13832,9,train
13833,7,test
13834,2,train
13835,6,train
13836,9,train
13837,1,test
13838,2,val
13839,5,train
13840,7,train
13841,6,train
13842,5,test
13843,6,train
13844,6,val
13845,3,train
13846,3,train
13847,9,val
13848,9,val
13849,6,train
13850,8,train
13851,3,train
13852,3,train
13853,7,test
13854,0,train
13855,3,train
13856,7,train
13857,0,train
13858,2,train
13859,7,train
13860,1,train
13861,1,train
13862,3,test
13863,9,train
13864,3,test
13865,5,train
13866,1,val
13867,9,val
13868,7,train
13869,6,train
13870,6,train
13871,3,val
13872,5,train
13873,5,test
13874,8,train
13875,2,train
13876,3,train
13877,6,test
13878,5,test
13879,5,train
13880,6,train
13881,6,train
13882,1,train
13883,3,test
13884,5,train
13885,7,val
13886,1,train
13887,6,val
13888,0,train
13889,2,train
13890,2,train
13891,3,test
13892,8,train
13893,6,val
13894,6,train
13895,6,train
13896,5,train
13897,5,train
13898,5,train
13899,2,train
13900,7,train
13901,5,train
13902,6,train
13903,3,train
13904,1,val
13905,1,train
13906,6,train
13907,2,train
13908,5,train
13909,2,train
13910,6,train
13911,7,test
13912,8,train
13913,7,train
13914,6,test
13915,1,train
13916,1,test
13917,5,train
13918,2,train
13919,2,train
13920,7,train
13921,7,train
13922,9,train
13923,6,test
13924,1,train
13925,9,train
13926,7,train
13927,7,train
13928,0,train
13929,5,val
13930,3,train
13931,7,train
13932,5,test
13933,9,train
13934,8,train
13935,1,train
13936,7,train
13937,7,train
13938,3,train
13939,1,test
13940,2,val
13941,1,train
13942,9,train
13943,5,train
13944,9,train
13945,9,train
13946,0,train
13947,7,train
13948,9,test
13949,6,train
13950,5,train
13951,7,train
13952,7,train
13953,7,train
13954,2,test
13955,5,train
13956,6,train
13957,2,train
13958,9,test
13959,5,train
13960,7,train
13961,3,train
13962,0,train
13963,9,train
13964,9,train
13965,3,train
13966,3,test
13967,1,train
13968,2,train
13969,7,train
13970,2,train
13971,1,train
13972,0,train
13973,3,test
13974,3,train
13975,9,train
13976,6,test
13977,9,test
13978,7,val
13979,1,train
13980,0,train
13981,6,train
13982,7,train
13983,9,val
13984,5,train
13985,6,val
13986,2,test
13987,7,train
13988,7,train
13989,2,train
13990,6,val
13991,5,val
13992,1,train
13993,7,val
13994,1,train
13995,7,test
13996,7,train
13997,0,val
13998,0,train
13999,0,train
14000,3,val
14001,1,train
14002,6,train
14003,8,train
14004,8,val
14005,5,test
14006,0,val
14007,7,train
14008,1,train
14009,2,train
14010,9,val
14011,9,train
14012,2,val
14013,9,train
14014,7,test
14015,8,train
14016,6,train
14017,1,test
14018,1,train
14019,7,train
14020,7,test
14021,1,train
14022,1,train
14023,9,train
14024,6,train
14025,4,val
14026,2,train
14027,2,train
14028,6,train
14029,5,train
14030,3,val
14031,1,train
14032,5,train
14033,2,train
14034,7,train
14035,7,train
14036,0,train
14037,6,train
14038,9,train
14039,3,train
14040,5,val
14041,0,val
14042,2,train
14043,5,test
14044,3,train
14045,2,train
14046,2,train
14047,6,train
14048,2,train
14049,1,train
14050,1,train
14051,3,train
14052,6,test
14053,5,train
14054,3,test
14055,6,test
14056,1,train
14057,1,train
14058,2,train
14059,7,train
14060,3,train
14061,7,train
14062,9,train
14063,2,train
14064,9,val
14065,7,train
14066,5,val
14067,2,train
14068,6,train
14069,7,test
14070,1,train
14071,3,test
14072,9,test
14073,1,train
14074,7,val
14075,8,train
14076,6,train
14077,6,train
14078,6,train
14079,7,train
14080,0,train
14081,7,train
14082,0,train
14083,8,train
14084,8,train
14085,5,train
14086,6,train
14087,4,train
14088,8,test
14089,7,train
14090,7,train
14091,2,train
14092,0,test
14093,3,train
14094,1,train
14095,6,test
14096,9,val
14097,9,train
14098,8,train
14099,2,train
14100,1,val
14101,1,train
14102,2,test
14103,6,train
14104,7,test
14105,9,train
14106,6,test
14107,9,train
14108,0,train
14109,9,train
14110,2,val
14111,7,train
14112,8,val
14113,5,test
14114,7,train
14115,7,test
14116,3,train
14117,3,val
14118,1,test
14119,7,test
14120,8,train
14121,2,train
14122,7,train
14123,4,test
14124,2,train
14125,9,train
14126,6,train
14127,1,train
14128,4,train
14129,5,train
14130,2,train
14131,5,train
14132,0,val
14133,7,test
14134,2,train
14135,9,train
14136,3,test
14137,9,train
14138,3,train
14139,2,train
14140,0,train
14141,1,val
14142,6,train
14143,8,train
14144,8,train
14145,6,test
14146,6,train
14147,8,train
14148,8,val
14149,3,train
14150,9,train
14151,6,train
14152,5,train
14153,2,test
14154,5,train
14155,8,train
14156,2,train
14157,7,train
14158,2,val
14159,2,train
14160,8,train
14161,7,train
14162,9,train
14163,2,train
14164,0,test
14165,8,train
14166,6,train
14167,0,test
14168,5,val
14169,2,train
14170,5,train
14171,2,train
14172,7,test
14173,9,val
14174,6,train
14175,5,train
14176,7,train
14177,8,train
14178,2,train
14179,7,test
14180,3,train
14181,0,test
14182,1,train
14183,9,val
14184,9,test
14185,7,train
14186,2,train
14187,1,test
14188,3,val
14189,8,test
14190,6,train
14191,7,train
14192,2,val
14193,1,train
14194,8,test
14195,2,train
14196,2,train
14197,8,train
14198,2,train
14199,9,train
14200,3,train
14201,0,train
14202,7,train
14203,8,train
14204,8,train
14205,1,val
14206,9,train
14207,9,train
14208,1,train
14209,0,train
14210,1,val
14211,7,train
14212,1,test
14213,9,test
14214,8,train
14215,5,train
14216,3,test
14217,8,train
14218,7,train
14219,3,train
14220,7,train
14221,1,train
14222,1,train
14223,7,train
14224,2,val
14225,7,train
14226,0,train
14227,1,test
14228,7,train
14229,2,val
14230,7,train
14231,1,train
14232,3,train
14233,2,test
14234,1,train
14235,7,train
14236,9,train
14237,9,train
14238,7,train
14239,5,train
14240,3,val
14241,8,train
14242,1,train
14243,7,train
14244,9,test
14245,0,train
14246,1,val
14247,1,train
14248,5,train
14249,4,train
14250,3,train
14251,7,train
14252,2,train
14253,8,train
14254,5,train
14255,3,train
14256,1,train
14257,7,train
14258,3,train
14259,2,train
14260,9,train
14261,3,train
14262,9,train
14263,6,train
14264,3,train
14265,9,train
14266,9,train
14267,0,train
14268,8,test
14269,6,train
14270,4,test
14271,7,train
14272,6,test
14273,7,train
14274,9,test
14275,3,test
14276,3,val
14277,9,train
14278,8,train
14279,7,train
14280,3,train
14281,2,train
14282,0,val
14283,1,test
14284,5,train
14285,3,train
14286,1,train
14287,2,train
14288,5,train
14289,9,test
14290,6,train
14291,9,train
14292,5,test
14293,3,train
14294,3,train
14295,1,val
14296,5,train
14297,5,test
14298,6,train
14299,6,train
14300,2,val
14301,9,train
14302,1,val
14303,1,train
14304,4,train
14305,6,val
14306,2,train
14307,3,train
14308,6,val
14309,6,train
14310,2,train
14311,8,train
14312,8,train
14313,0,train
14314,7,train
14315,7,train
14316,0,train
14317,7,test
14318,5,train
14319,7,train
14320,7,val
14321,3,train
14322,8,test
14323,3,train
14324,9,val
14325,8,train
14326,3,train
14327,4,train
14328,8,train
14329,2,train
14330,3,train
14331,6,train
14332,1,val
14333,6,train
14334,2,train
14335,5,train
14336,3,train
14337,6,train
14338,7,train
14339,2,train
14340,1,train
14341,3,test
14342,8,train
14343,2,test
14344,5,train
14345,7,train
14346,2,train
14347,2,val
14348,2,val
14349,7,val
14350,5,train
14351,1,train
14352,3,train
14353,2,train
14354,5,train
14355,1,train
14356,4,train
14357,2,train
14358,2,val
14359,7,train
14360,6,test
14361,5,val
14362,7,train
14363,7,train
14364,2,train
14365,1,val
14366,8,train
14367,0,train
14368,2,train
14369,3,test
14370,9,train
14371,9,train
14372,6,train
14373,2,train
14374,6,train
14375,3,train
14376,6,train
14377,3,test
14378,4,train
14379,0,train
14380,9,train
14381,8,train
14382,1,train
14383,2,test
14384,3,train
14385,3,train
14386,1,train
14387,1,train
14388,2,train
14389,2,train
14390,7,train
14391,0,train
14392,2,train
14393,7,train
14394,0,train
14395,3,train
14396,3,test
14397,7,train
14398,8,train
14399,5,train
14400,0,train
14401,7,test
14402,3,train
14403,9,val
14404,1,test
14405,5,train
14406,2,train
14407,2,train
14408,2,train
14409,1,train
14410,1,train
14411,0,train
14412,6,train
14413,0,train
14414,2,train
14415,6,train
14416,3,test
14417,2,val
14418,1,train
14419,9,train
14420,9,train
14421,3,test
14422,7,test
14423,5,train
14424,8,train
14425,9,train
14426,2,train
14427,0,test
14428,6,train
14429,0,train
14430,7,train
14431,6,val
14432,1,train
14433,6,val
14434,9,train
14435,3,train
14436,5,train
14437,2,train
14438,7,val
14439,0,train
14440,7,train
14441,3,train
14442,9,train
14443,1,train
14444,9,train
14445,0,train
14446,2,train
14447,9,val
14448,9,train
14449,7,val
14450,3,val
14451,5,train
14452,2,test
14453,3,val
14454,2,test
14455,9,train
14456,6,val
14457,5,val
14458,5,train
14459,6,train
14460,3,train
14461,2,train
14462,7,test
14463,5,val
14464,3,val
14465,7,val
14466,2,train
14467,6,train
14468,3,train
14469,2,train
14470,7,val
14471,9,test
14472,4,train
14473,6,train
14474,2,val
14475,9,train
14476,3,train
14477,8,train
14478,7,val
14479,5,train
14480,7,val
14481,2,train
14482,2,train
14483,9,test
14484,8,train
14485,7,train
14486,6,train
14487,6,test
14488,7,val
14489,7,val
14490,7,train
14491,9,train
14492,3,train
14493,2,train
14494,9,test
14495,8,train
14496,2,val
14497,9,train
14498,9,val
14499,8,val
14500,2,test
14501,5,val
14502,8,train
14503,2,train
14504,5,train
14505,5,train
14506,8,val
14507,9,train
14508,1,train
14509,9,train
14510,1,train
14511,5,train
14512,0,train
14513,5,train
14514,0,train
14515,7,train
14516,9,train
14517,7,train
14518,6,train
14519,1,train
14520,1,train
14521,7,train
14522,9,train
14523,1,train
14524,0,train
14525,1,train
14526,0,train
14527,7,train
14528,2,train
14529,6,train
14530,1,train
14531,5,train
14532,7,test
14533,2,train
14534,6,train
14535,2,train
14536,1,train
14537,6,train
14538,1,train
14539,7,val
14540,8,test
14541,7,train
14542,5,train
14543,3,train
14544,2,test
14545,2,train
14546,7,test
14547,5,val
14548,1,train
14549,4,train
14550,5,test
14551,2,test
14552,1,train
14553,7,test
14554,5,train
14555,1,train
14556,6,train
14557,9,train
14558,3,train
14559,8,train
14560,8,train
14561,3,val
14562,4,train
14563,5,train
14564,7,train
14565,1,train
14566,4,train
14567,7,train
14568,6,train
14569,2,train
14570,7,train
14571,6,train
14572,2,train
14573,3,train
14574,1,train
14575,2,train
14576,1,train
14577,8,val
14578,8,train
14579,9,test
14580,9,train
14581,4,val
14582,9,test
14583,7,train
14584,7,train
14585,9,train
14586,3,train
14587,2,train
14588,6,test
14589,6,train
14590,9,test
14591,8,train
14592,9,test
14593,2,test
14594,0,train
14595,5,train
14596,0,train
14597,0,val
14598,3,train
14599,0,train
14600,4,train
14601,3,train
14602,9,train
14603,3,train
14604,7,train
14605,5,val
14606,1,val
14607,3,test
14608,8,train
14609,6,train
14610,5,train
14611,2,val
14612,5,val
14613,3,val
14614,3,val
14615,7,train
14616,3,train
14617,9,train
14618,2,train
14619,9,train
14620,7,train
14621,2,train
14622,5,val
14623,8,val
14624,7,train
14625,9,train
14626,3,train
14627,7,val
14628,3,test
14629,3,train
14630,5,test
14631,9,train
14632,5,train
14633,5,train
14634,9,train
14635,3,train
14636,3,train
14637,3,train
14638,3,train
14639,9,test
14640,2,train
14641,7,train
14642,3,train
14643,9,test
14644,8,test
14645,8,train
14646,5,train
14647,1,train
14648,7,val
14649,6,val
14650,2,train
14651,2,train
14652,3,train
14653,7,test
14654,6,train
14655,3,train
14656,9,train
14657,0,train
14658,0,val
14659,3,test
14660,9,train
14661,6,train
14662,3,train
14663,0,train
14664,3,test
14665,7,train
14666,7,train
14667,3,train
14668,2,train
14669,7,train
14670,0,val
14671,9,train
14672,2,val
14673,9,train
14674,2,train
14675,7,train
14676,6,train
14677,5,train
14678,8,train
14679,5,train
14680,9,train
14681,7,test
14682,2,train
14683,8,val
14684,6,val
14685,9,train
14686,2,test
14687,1,train
14688,1,train
14689,9,train
14690,0,test
14691,9,train
14692,3,val
14693,0,train
14694,3,val
14695,2,train
14696,6,val
14697,6,train
14698,9,train
14699,2,train
14700,6,train
14701,1,train
14702,8,train
14703,8,train
14704,1,test
14705,5,train
14706,2,train
14707,3,train
14708,6,train
14709,5,train
14710,7,val
14711,1,test
14712,3,test
14713,2,train
14714,2,val
14715,7,train
14716,1,train
14717,1,test
14718,9,train
14719,2,train
14720,7,test
14721,7,test
14722,2,train
14723,7,train
14724,7,train
14725,3,train
14726,4,train
14727,7,train
14728,5,test
14729,8,train
14730,5,train
14731,9,train
14732,9,train
14733,5,train
14734,6,train
14735,7,train
14736,0,train
14737,0,train
14738,9,val
14739,2,val
14740,9,train
14741,7,train
14742,8,train
14743,1,test
14744,1,val
14745,2,test
14746,5,train
14747,5,train
14748,3,val
14749,7,val
14750,8,train
14751,7,train
14752,7,test
14753,1,train
14754,5,train
14755,1,val
14756,8,train
14757,7,train
14758,1,val
14759,2,train
14760,7,val
14761,9,train
14762,1,train
14763,2,val
14764,9,val
14765,6,train
14766,7,train
14767,0,train
14768,8,test
14769,6,train
14770,1,train
14771,2,val
14772,2,train
14773,2,train
14774,7,test
14775,8,val
14776,6,train
14777,5,train
14778,7,train
14779,2,test
14780,3,train
14781,7,train
14782,7,train
14783,7,val
14784,4,train
14785,7,train
14786,3,train
14787,3,train
14788,1,train
14789,9,train
14790,7,train
14791,9,train
14792,7,test
14793,2,train
14794,1,train
14795,0,train
14796,9,train
14797,5,train
14798,7,train
14799,6,train
14800,6,train
14801,2,train
14802,1,train
14803,2,train
14804,4,train
14805,1,val
14806,2,train
14807,5,train
14808,7,val
14809,8,train
14810,7,train
14811,2,test
14812,5,train
14813,3,train
14814,3,train
14815,9,train
14816,5,train
14817,7,train
14818,6,val
14819,0,val
14820,1,train
14821,9,val
14822,2,train
14823,9,test
14824,5,test
14825,7,train
14826,6,train
14827,7,val
14828,5,train
14829,1,train
14830,8,train
14831,6,train
14832,5,train
14833,6,test
14834,2,val
14835,8,train
14836,6,train
14837,7,train
14838,9,test
14839,2,val
14840,6,train
14841,6,val
14842,3,train
14843,8,train
14844,2,train
14845,1,train
14846,2,train
14847,7,train
14848,8,train
14849,9,test
14850,6,train
14851,4,train
14852,3,train
14853,6,train
14854,5,train
14855,0,train
14856,8,train
14857,9,val
14858,9,test
14859,2,train
14860,7,train
14861,7,train
14862,5,val
14863,9,val
14864,4,train
14865,1,train
14866,6,train
14867,7,train
14868,4,train
14869,8,test
14870,2,train
14871,5,test
14872,1,val
14873,7,train
14874,6,train
14875,2,train
14876,6,test
14877,5,train
14878,5,train
14879,3,train
14880,7,val
14881,9,train
14882,7,train
14883,2,train
14884,7,train
14885,6,train
14886,1,train
14887,2,train
14888,7,train
14889,5,val
14890,1,train
14891,2,train
14892,7,val
14893,1,test
14894,1,train
14895,1,train
14896,7,train
14897,3,train
14898,3,val
14899,4,train
14900,7,train
14901,1,train
14902,3,test
14903,5,test
14904,7,train
14905,5,train
14906,2,val
14907,3,train
14908,9,train
14909,3,train
14910,3,train
14911,9,test
14912,6,train
14913,6,train
14914,7,train
14915,1,train
14916,2,train
14917,6,train
14918,0,test
14919,7,train
14920,1,train
14921,1,train
14922,1,train
14923,7,train
14924,3,train
14925,9,train
14926,1,test
14927,6,train
14928,2,train
14929,2,test
14930,7,train
14931,2,train
14932,0,test
14933,6,test
14934,4,train
14935,3,test
14936,7,train
14937,7,train
14938,6,val
14939,7,train
14940,2,train
14941,8,train
14942,3,train
14943,8,train
14944,3,train
14945,6,train
14946,5,train
14947,5,train
14948,6,train
14949,8,train
14950,2,train
14951,5,train
14952,9,train
14953,1,test
14954,2,val
14955,0,val
14956,2,train
14957,1,test
14958,3,train
14959,9,test
14960,6,val
14961,5,val
14962,5,test
14963,3,train
14964,2,test
14965,7,train
14966,9,train
14967,6,train
14968,1,train
14969,8,train
14970,7,train
14971,5,train
14972,8,test
14973,2,train
14974,3,test
14975,5,train
14976,5,train
14977,3,val
14978,5,train
14979,5,train
14980,1,train
14981,3,val
14982,0,train
14983,2,train
14984,1,train
14985,6,train
14986,3,test
14987,4,val
14988,3,train
14989,0,train
14990,8,train
14991,9,train
14992,7,test
14993,9,train
14994,7,train
14995,6,train
14996,6,train
14997,3,train
14998,2,train
14999,5,val
15000,9,test
15001,9,train
15002,8,train
15003,7,train
15004,0,train
15005,7,train
15006,6,train
15007,3,train
15008,2,test
15009,5,test
15010,1,train
15011,5,train
15012,3,train
15013,9,test
15014,9,train
15015,5,train
15016,1,test
15017,6,train
15018,7,train
15019,2,train
15020,6,train
15021,2,test
15022,1,train
15023,3,train
15024,7,train
15025,7,val
15026,2,train
15027,7,train
15028,8,train
15029,7,train
15030,9,train
15031,7,train
15032,9,train
15033,2,train
15034,8,test
15035,6,val
15036,1,train
15037,7,val
15038,1,train
15039,1,train
15040,3,val
15041,6,test
15042,2,train
15043,8,train
15044,2,train
15045,9,test
15046,2,train
15047,8,train
15048,5,train
15049,0,train
15050,2,train
15051,9,train
15052,3,val
15053,3,train
15054,1,val
15055,3,val
15056,1,train
15057,9,test
15058,3,train
15059,5,train
15060,6,test
15061,8,test
15062,3,train
15063,2,train
15064,5,train
15065,2,test
15066,2,train
15067,5,train
15068,7,test
15069,9,test
15070,0,train
15071,9,test
15072,3,val
15073,2,train
15074,7,train
15075,7,train
15076,6,train
15077,8,train
15078,4,train
15079,5,train
15080,3,val
15081,6,train
15082,0,train
15083,8,train
15084,6,train
15085,9,train
15086,7,train
15087,0,train
15088,2,val
15089,7,test
15090,5,train
15091,5,train
15092,2,test
15093,6,val
15094,2,train
15095,5,train
15096,1,train
15097,2,train
15098,2,val
15099,8,train
15100,1,train
15101,1,test
15102,3,train
15103,7,test
15104,6,train
15105,2,train
15106,2,train
15107,0,train
15108,4,train
15109,7,val
15110,1,train
15111,5,train
15112,1,train
15113,2,train
15114,7,train
15115,9,train
15116,2,train
15117,6,train
15118,6,train
15119,6,train
15120,5,train
15121,9,train
15122,7,train
15123,6,train
15124,7,train
15125,5,train
15126,8,val
15127,8,train
15128,7,val
15129,9,train
15130,6,train
15131,6,train
15132,9,val
15133,3,val
15134,5,train
15135,8,train
15136,5,train
15137,7,test
15138,2,train
15139,2,train
15140,8,test
15141,7,test
15142,5,train
15143,3,train
15144,5,val
15145,7,train
15146,5,train
15147,7,train
15148,9,train
15149,3,val
15150,9,train
15151,4,test
15152,1,train
15153,2,train
15154,7,train
15155,7,test
15156,2,train
15157,3,train
15158,3,val
15159,3,val
15160,2,train
15161,8,test
15162,3,train
15163,7,val
15164,0,train
15165,8,train
15166,7,val
15167,0,train
15168,5,train
15169,2,train
15170,1,val
15171,9,train
15172,3,train
15173,9,train
15174,8,val
15175,2,train
15176,5,test
15177,3,val
15178,1,val
15179,6,test
15180,8,train
15181,1,val
15182,7,train
15183,8,train
15184,3,test
15185,6,val
15186,5,train
15187,2,test
15188,2,train
15189,7,test
15190,7,train
15191,1,val
15192,3,val
15193,7,train
15194,7,train
15195,6,val
15196,1,train
15197,7,train
15198,9,train
15199,7,train
15200,7,train
15201,3,train
15202,1,train
15203,4,val
15204,9,train
15205,2,test
15206,2,train
15207,2,val
15208,0,val
15209,7,train
15210,2,train
15211,6,val
15212,6,val
15213,1,train
15214,7,train
15215,3,train
15216,9,test
15217,1,test
15218,1,val
15219,6,train
15220,1,train
15221,1,train
15222,2,test
15223,5,train
15224,6,train
15225,7,train
15226,1,train
15227,3,train
15228,2,test
15229,5,train
15230,3,test
15231,5,test
15232,6,train
15233,9,train
15234,5,train
15235,6,test
15236,6,test
15237,6,val
15238,5,test
15239,9,val
15240,7,train
15241,5,train
15242,2,train
15243,2,val
15244,9,test
15245,5,val
15246,2,test
15247,7,train
15248,5,train
15249,7,train
15250,5,train
15251,9,val
15252,5,test
15253,5,train
15254,7,train
15255,6,val
15256,7,train
15257,3,train
15258,8,train
15259,2,train
15260,9,test
15261,1,train
15262,9,train
15263,7,train
15264,0,test
15265,2,test
15266,2,test
15267,2,train
15268,3,train
15269,7,train
15270,2,train
15271,3,val
15272,8,train
15273,9,train
15274,1,test
15275,2,train
15276,8,train
15277,5,train
15278,0,train
15279,5,test
15280,3,train
15281,2,test
15282,2,val
15283,7,val
15284,7,train
15285,8,train
15286,0,train
15287,6,train
15288,5,train
15289,7,train
15290,7,train
15291,0,train
15292,3,val
15293,8,test
15294,7,train
15295,1,train
15296,8,test
15297,6,train
15298,5,train
15299,2,test
15300,5,train
15301,2,train
15302,7,train
15303,0,train
15304,7,train
15305,8,train
15306,5,train
15307,9,val
15308,1,train
15309,2,train
15310,2,val
15311,3,train
15312,9,train
15313,2,train
15314,8,train
15315,7,train
15316,7,train
15317,6,test
15318,3,train
15319,2,train
15320,1,train
15321,9,train
15322,2,val
15323,6,train
15324,5,train
15325,3,train
15326,5,train
15327,6,train
15328,0,val
15329,7,test
15330,3,train
15331,8,train
15332,1,train
15333,7,train
15334,0,train
15335,3,test
15336,0,train
15337,5,val
15338,7,train
15339,2,train
15340,2,train
15341,0,train
15342,4,train
15343,7,train
15344,8,train
15345,7,train
15346,5,train
15347,2,test
15348,6,train
15349,3,val
15350,1,test
15351,3,val
15352,9,train
15353,6,train
15354,6,test
15355,3,train
15356,6,test
15357,6,train
15358,1,train
15359,1,train
15360,5,train
15361,8,test
15362,9,val
15363,7,train
15364,2,val
15365,5,val
15366,7,train
15367,8,val
15368,0,test
15369,3,test
15370,6,val
15371,3,val
15372,9,train
15373,8,train
15374,7,train
15375,3,train
15376,1,val
15377,2,train
15378,9,train
15379,7,test
15380,6,val
15381,1,train
15382,0,train
15383,3,train
15384,9,train
15385,7,train
15386,5,train
15387,8,train
15388,6,train
15389,0,train
15390,8,train
15391,1,train
15392,1,train
15393,1,test
15394,0,train
15395,2,train
15396,0,train
15397,3,val
15398,2,test
15399,3,train
15400,6,train
15401,3,train
15402,0,train
15403,6,train
15404,7,train
15405,5,train
15406,1,train
15407,3,train
15408,6,train
15409,7,train
15410,1,train
15411,3,train
15412,2,train
15413,7,train
15414,9,train
15415,7,val
15416,8,train
15417,7,train
15418,8,train
15419,9,train
15420,5,train
15421,5,train
15422,1,train
15423,5,train
15424,9,train
15425,7,val
15426,9,train
15427,1,train
15428,2,train
15429,3,val
15430,6,train
15431,8,train
15432,9,val
15433,3,test
15434,2,train
15435,2,train
15436,7,train
15437,2,train
15438,6,train
15439,5,val
15440,7,train
15441,7,train
15442,7,train
15443,5,train
15444,2,test
15445,6,val
15446,6,train
15447,7,val
15448,2,val
15449,5,val
15450,4,train
15451,3,val
15452,0,train
15453,7,train
15454,9,test
15455,2,train
15456,3,train
15457,9,train
15458,6,train
15459,7,test
15460,1,train
15461,1,train
15462,7,train
15463,6,val
15464,2,train
15465,7,val
15466,7,train
15467,2,train
15468,9,train
15469,2,train
15470,2,train
15471,3,train
15472,6,train
15473,3,test
15474,1,train
15475,9,train
15476,8,val
15477,5,test
15478,3,train
15479,8,train
15480,7,train
15481,3,train
15482,6,train
15483,1,train
15484,6,train
15485,6,train
15486,2,train
15487,6,val
15488,5,test
15489,6,train
15490,2,train
15491,7,train
15492,2,train
15493,1,train
15494,3,train
15495,8,train
15496,6,train
15497,3,train
15498,5,train
15499,7,test
15500,5,test
15501,6,train
15502,5,train
15503,0,test
15504,0,test
15505,7,train
15506,9,test
15507,6,val
15508,6,test
15509,7,train
15510,5,train
15511,3,train
15512,9,train
15513,0,train
15514,4,train
15515,3,train
15516,1,train
15517,2,train
15518,1,train
15519,3,train
15520,7,train
15521,1,val
15522,8,test
15523,3,train
15524,7,train
15525,0,train
15526,3,train
15527,5,test
15528,9,test
15529,2,train
15530,9,train
15531,5,test
15532,6,train
15533,6,train
15534,2,train
15535,3,train
15536,5,val
15537,8,train
15538,7,train
15539,0,val
15540,6,train
15541,1,test
15542,6,train
15543,7,test
15544,5,train
15545,2,test
15546,2,train
15547,2,test
15548,5,test
15549,0,test
15550,1,train
15551,2,train
15552,5,train
15553,1,train
15554,0,val
15555,5,val
15556,2,test
15557,1,train
15558,2,test
15559,9,train
15560,7,val
15561,6,test
15562,2,train
15563,6,train
15564,0,test
15565,7,train
15566,5,train
15567,5,train
15568,6,test
15569,3,val
15570,2,train
15571,3,train
15572,3,train
15573,3,train
15574,8,test
15575,0,train
15576,7,train
15577,3,train
15578,6,test
15579,2,val
15580,9,train
15581,8,val
15582,1,test
15583,9,train
15584,2,train
15585,7,train
15586,8,train
15587,2,test
15588,3,train
15589,6,val
15590,3,test
15591,0,train
15592,7,train
15593,3,test
15594,1,train
15595,7,val
15596,6,val
15597,2,train
15598,9,train
15599,1,test
15600,3,train
15601,9,train
15602,1,train
15603,6,train
15604,9,train
15605,6,test
15606,7,train
15607,5,val
15608,2,test
15609,3,test
15610,9,train
15611,6,train
15612,1,train
15613,7,train
15614,6,train
15615,2,test
15616,3,val
15617,7,train
15618,4,train
15619,7,val
15620,3,train
15621,2,train
15622,9,train
15623,2,train
15624,2,train
15625,3,val
15626,6,train
15627,7,train
15628,3,train
15629,6,test
15630,5,test
15631,3,test
15632,2,test
15633,1,test
15634,3,train
15635,3,train
15636,3,train
15637,7,test
15638,2,train
15639,6,train
15640,3,train
15641,3,train
15642,7,train
15643,9,train
15644,1,test
15645,6,val
15646,9,train
15647,0,train
15648,1,train
15649,1,train
15650,3,val
15651,2,train
15652,0,val
15653,5,train
15654,9,val
15655,2,train
15656,7,train
15657,4,train
15658,2,train
15659,2,val
15660,0,test
15661,3,val
15662,6,train
15663,9,train
15664,1,train
15665,6,train
15666,2,train
15667,2,train
15668,5,train
15669,3,train
15670,7,train
15671,7,train
15672,6,train
15673,8,val
15674,7,train
15675,2,train
15676,8,train
15677,1,train
15678,6,val
15679,2,train
15680,5,test
15681,1,train
15682,0,test
15683,9,train
15684,3,val
15685,7,val
15686,9,val
15687,3,train
15688,7,train
15689,0,train
15690,5,train
15691,3,train
15692,3,train
15693,3,train
15694,8,train
15695,8,train
15696,8,val
15697,2,train
15698,3,val
15699,3,val
15700,2,train
15701,1,train
15702,1,test
15703,3,train
15704,7,train
15705,6,train
15706,6,train
15707,5,val
15708,1,val
15709,7,train
15710,0,val
15711,9,train
15712,7,train
15713,8,test
15714,1,train
15715,9,train
15716,0,train
15717,0,train
15718,7,train
15719,9,train
15720,3,train
15721,3,test
15722,2,test
15723,9,train
15724,1,train
15725,6,train
15726,7,val
15727,1,val
15728,7,train
15729,1,train
15730,3,train
15731,6,train
15732,5,train
15733,0,train
15734,9,train
15735,5,train
15736,8,train
15737,0,train
15738,7,test
15739,7,test
15740,0,train
15741,6,train
15742,5,test
15743,4,val
15744,7,test
15745,2,train
15746,3,train
15747,0,train
15748,8,train
15749,6,train
15750,6,train
15751,8,train
15752,7,test
15753,8,train
15754,6,train
15755,0,val
15756,5,train
15757,9,test
15758,2,train
15759,5,test
15760,1,test
15761,2,train
15762,9,train
15763,2,val
15764,9,train
15765,8,test
15766,8,train
15767,9,val
15768,6,train
15769,7,train
15770,8,val
15771,6,train
15772,5,train
15773,2,train
15774,6,test
15775,7,test
15776,5,test
15777,3,train
15778,9,train
15779,8,val
15780,4,train
15781,1,train
15782,0,train
15783,3,test
15784,3,test
15785,6,train
15786,7,val
15787,6,train
15788,3,train
15789,0,test
15790,7,train
15791,2,train
15792,8,test
15793,2,train
15794,7,train
15795,6,train
15796,5,test
15797,2,train
15798,8,train
15799,1,train
15800,5,train
15801,2,test
15802,1,train
15803,7,val
15804,7,train
15805,8,train
15806,8,train
15807,7,train
15808,2,train
15809,6,train
15810,5,test
15811,4,train
15812,2,train
15813,0,train
15814,9,train
15815,2,train
15816,0,train
15817,2,train
15818,5,train
15819,3,train
15820,9,train
15821,6,train
15822,7,val
15823,9,train
15824,3,train
15825,5,train
15826,6,val
15827,6,train
15828,5,test
15829,1,train
15830,5,test
15831,6,train
15832,0,train
15833,9,val
15834,6,train
15835,2,train
15836,9,train
15837,5,train
15838,2,val
15839,6,train
15840,3,val
15841,3,val
15842,6,train
15843,3,train
15844,7,val
15845,0,val
15846,7,train
15847,5,train
15848,1,train
15849,5,train
15850,5,val
15851,5,test
15852,8,train
15853,1,train
15854,9,train
15855,1,train
15856,3,train
15857,3,train
15858,4,train
15859,9,train
15860,5,train
15861,2,test
15862,1,train
15863,7,train
15864,7,val
15865,2,train
15866,3,val
15867,3,train
15868,1,val
15869,3,train
15870,5,test
15871,2,test
15872,1,train
15873,6,train
15874,3,train
15875,9,train
15876,2,train
15877,1,test
15878,4,train
15879,9,val
15880,6,test
15881,1,train
15882,4,train
15883,9,train
15884,8,train
15885,6,train
15886,4,train
15887,9,train
15888,2,train
15889,5,train
15890,7,train
15891,7,train
15892,0,train
15893,3,train
15894,2,train
15895,1,train
15896,5,train
15897,0,test
15898,7,train
15899,5,test
15900,3,train
15901,2,val
15902,6,train
15903,2,train
15904,7,train
15905,1,val
15906,7,val
15907,5,val
15908,5,train
15909,1,train
15910,4,train
15911,9,val
15912,3,train
15913,8,train
15914,2,val
15915,1,train
15916,8,test
15917,5,train
15918,9,train
15919,7,train
15920,2,test
15921,6,train
15922,7,train
15923,7,train
15924,6,train
15925,8,train
15926,0,train
15927,7,train
15928,3,train
15929,6,train
15930,7,train
15931,7,val
15932,2,train
15933,8,train
15934,3,train
15935,8,train
15936,7,train
15937,9,val
15938,9,train
15939,1,train
15940,0,train
15941,2,train
15942,7,val
15943,6,train
15944,2,train
15945,5,train
15946,7,train
15947,9,train
15948,8,train
15949,7,train
15950,3,train
15951,7,val
15952,2,train
15953,9,val
15954,0,train
15955,9,val
15956,5,train
15957,8,val
15958,7,train
15959,7,train
15960,3,test
15961,0,val
15962,6,test
15963,5,train
15964,6,train
15965,7,train
15966,7,test
15967,8,val
15968,2,val
15969,1,train
15970,3,val
15971,1,train
15972,7,train
15973,2,train
15974,7,train
15975,1,train
15976,0,train
15977,9,train
15978,2,train
15979,8,train
15980,5,train
15981,1,train
15982,9,test
15983,3,train
15984,9,train
15985,4,val
15986,7,test
15987,9,train
15988,0,train
15989,9,train
15990,2,train
15991,0,train
15992,7,train
15993,1,train
15994,6,train
15995,7,val
15996,6,test
15997,2,train
15998,5,train
15999,7,test
16000,2,val
16001,4,test
16002,2,train
16003,6,val
16004,3,train
16005,6,train
16006,7,test
16007,2,val
16008,0,train
16009,8,train
16010,3,train
16011,6,train
16012,0,val
16013,5,test
16014,3,val
16015,9,train
16016,6,train
16017,2,train
16018,0,train
16019,7,val
16020,1,train
16021,7,train
16022,3,test
16023,7,train
16024,8,train
16025,5,test
16026,6,train
16027,6,val
16028,2,test
16029,3,val
16030,9,val
16031,5,val
16032,7,val
16033,5,train
16034,2,train
16035,2,train
16036,5,train
16037,5,train
16038,6,val
16039,3,train
16040,2,train
16041,2,train
16042,2,train
16043,2,train
16044,5,train
16045,8,train
16046,3,train
16047,1,train
16048,3,train
16049,5,val
16050,1,test
16051,6,train
16052,7,train
16053,3,val
16054,1,train
16055,2,train
16056,3,train
16057,2,train
16058,5,train
16059,1,train
16060,7,train
16061,9,train
16062,3,train
16063,9,train
16064,1,train
16065,9,train
16066,8,train
16067,5,test
16068,2,train
16069,7,train
16070,2,test
16071,0,train
16072,8,train
16073,1,train
16074,5,train
16075,2,train
16076,6,train
16077,7,train
16078,7,train
16079,3,train
16080,1,train
16081,3,train
16082,7,test
16083,0,train
16084,2,train
16085,7,train
16086,9,train
16087,7,train
16088,1,train
16089,2,train
16090,5,train
16091,2,train
16092,7,train
16093,5,val
16094,3,train
16095,2,train
16096,1,train
16097,7,train
16098,7,train
16099,8,train
16100,5,train
16101,1,train
16102,2,train
16103,2,train
16104,6,val
16105,9,train
16106,1,test
16107,7,train
16108,6,train
16109,1,train
16110,6,test
16111,5,train
16112,8,train
16113,6,val
16114,8,test
16115,8,train
16116,3,train
16117,1,val
16118,1,train
16119,1,train
16120,0,train
16121,4,val
16122,7,val
16123,2,train
16124,9,train
16125,4,train
16126,8,test
16127,9,train
16128,9,train
16129,5,val
16130,3,test
16131,9,train
16132,0,train
16133,4,train
16134,5,test
16135,2,test
16136,8,val
16137,5,train
16138,7,train
16139,4,train
16140,7,train
16141,1,train
16142,9,train
16143,3,train
16144,9,train
16145,1,train
16146,2,test
16147,5,train
16148,8,train
16149,3,train
16150,3,train
16151,5,train
16152,2,train
16153,0,train
16154,0,train
16155,2,train
16156,6,train
16157,3,val
16158,7,train
16159,7,train
16160,9,train
16161,6,train
16162,2,train
16163,5,train
16164,6,train
16165,9,train
16166,6,train
16167,1,val
16168,8,train
16169,6,train
16170,5,train
16171,7,train
16172,7,test
16173,3,train
16174,9,test
16175,6,train
16176,3,train
16177,9,train
16178,8,val
16179,1,train
16180,0,val
16181,5,train
16182,6,train
16183,8,train
16184,5,train
16185,5,train
16186,3,train
16187,2,test
16188,7,train
16189,7,train
16190,6,train
16191,1,train
16192,6,train
16193,2,train
16194,7,train
16195,7,val
16196,5,test
16197,2,train
16198,9,train
16199,4,train
16200,1,test
16201,8,train
16202,9,train
16203,7,train
16204,6,train
16205,0,train
16206,7,val
16207,8,test
16208,1,train
16209,6,train
16210,1,train
16211,2,test
16212,8,train
16213,7,train
16214,1,val
16215,9,train
16216,1,train
16217,2,val
16218,3,train
16219,0,train
16220,3,train
16221,9,train
16222,5,train
16223,8,train
16224,5,train
16225,3,train
16226,8,train
16227,8,train
16228,3,train
16229,3,train
16230,5,train
16231,2,test
16232,3,train
16233,0,val
16234,8,train
16235,8,val
16236,1,train
16237,7,train
16238,6,val
16239,2,train
16240,5,train
16241,1,train
16242,3,train
16243,6,test
16244,2,train
16245,2,test
16246,7,val
16247,8,train
16248,7,train
16249,2,train
16250,5,train
16251,1,val
16252,7,train
16253,9,train
16254,0,train
16255,5,val
16256,4,train
16257,8,test
16258,6,val
16259,9,train
16260,0,train
16261,1,train
16262,8,train
16263,5,test
16264,1,train
16265,0,val
16266,8,train
16267,3,train
16268,5,test
16269,3,train
16270,8,train
16271,9,test
16272,3,val
16273,8,train
16274,5,train
16275,6,train
16276,5,train
16277,4,train
16278,5,val
16279,8,train
16280,2,train
16281,7,train
16282,8,train
16283,3,train
16284,2,test
16285,7,train
16286,9,train
16287,9,train
16288,2,train
16289,8,train
16290,7,train
16291,6,train
16292,8,test
16293,7,train
16294,3,test
16295,6,val
16296,2,train
16297,9,train
16298,2,train
16299,3,train
16300,2,train
16301,5,train
16302,7,train
16303,2,test
16304,7,train
16305,2,val
16306,3,val
16307,3,train
16308,5,train
16309,6,train
16310,5,train
16311,1,train
16312,8,val
16313,9,test
16314,5,train
16315,7,train
16316,3,train
16317,1,val
16318,6,train
16319,0,train
16320,3,val
16321,5,train
16322,0,train
16323,6,train
16324,1,train
16325,6,train
16326,5,train
16327,1,train
16328,1,train
16329,7,train
16330,8,train
16331,5,val
16332,2,train
16333,3,train
16334,4,train
16335,6,train
16336,2,train
16337,6,train
16338,1,val
16339,1,train
16340,1,train
16341,2,train
16342,1,train
16343,2,train
16344,6,train
16345,0,val
16346,9,test
16347,9,val
16348,1,train
16349,7,train
16350,2,train
16351,2,train
16352,9,train
16353,2,train
16354,2,train
16355,7,train
16356,7,train
16357,8,train
16358,9,val
16359,3,train
16360,6,train
16361,7,train
16362,1,val
16363,0,train
16364,2,train
16365,3,train
16366,2,train
16367,1,val
16368,3,test
16369,9,val
16370,8,train
16371,1,train
16372,1,train
16373,0,val
16374,2,train
16375,2,val
16376,6,train
16377,5,train
16378,2,train
16379,6,test
16380,3,train
16381,3,train
16382,3,train
16383,9,train
16384,1,test
16385,7,test
16386,0,train
16387,8,train
16388,7,train
16389,7,train
16390,3,train
16391,0,train
16392,5,train
16393,2,train
16394,6,train
16395,0,train
16396,7,val
16397,7,train
16398,8,val
16399,2,val
16400,7,val
16401,9,val
16402,2,train
16403,2,val
16404,4,train
16405,2,val
16406,2,train
16407,2,train
16408,2,test
16409,3,test
16410,9,train
16411,1,train
16412,7,train
16413,9,train
16414,2,test
16415,3,train
16416,4,val
16417,0,train
16418,3,train
16419,7,train
16420,2,train
16421,1,train
16422,2,train
16423,3,train
16424,9,train
16425,8,train
16426,7,test
16427,7,train
16428,9,train
16429,8,val
16430,0,train
16431,5,val
16432,6,train
16433,5,train
16434,5,val
16435,9,train
16436,8,train
16437,7,test
16438,2,train
16439,0,train
16440,2,test
16441,1,train
16442,6,test
16443,2,train
16444,2,train
16445,2,train
16446,6,train
16447,2,train
16448,1,train
16449,5,train
16450,5,train
16451,7,train
16452,0,test
16453,1,test
16454,2,val
16455,6,train
16456,0,train
16457,6,test
16458,7,train
16459,0,train
16460,9,train
16461,2,test
16462,6,train
16463,0,train
16464,9,test
16465,7,test
16466,6,train
16467,7,train
16468,1,train
16469,2,train
16470,2,val
16471,5,train
16472,7,val
16473,8,train
16474,8,train
16475,7,val
16476,7,train
16477,8,train
16478,7,train
16479,2,train
16480,9,val
16481,0,train
16482,3,train
16483,2,val
16484,3,train
16485,6,train
16486,7,train
16487,2,train
16488,7,train
16489,2,train
16490,2,train
16491,0,train
16492,5,train
16493,9,train
16494,2,train
16495,5,train
16496,7,train
16497,7,train
16498,7,train
16499,2,train
16500,9,val
16501,8,train
16502,8,train
16503,7,train
16504,2,train
16505,9,test
16506,8,train
16507,7,val
16508,7,train
16509,3,test
16510,2,train
16511,9,train
16512,2,val
16513,3,train
16514,6,val
16515,8,val
16516,2,train
16517,2,train
16518,3,train
16519,2,train
16520,5,test
16521,5,train
16522,2,train
16523,5,train
16524,5,train
16525,1,train
16526,3,test
16527,5,val
16528,5,train
16529,7,val
16530,6,train
16531,1,val
16532,2,train
16533,2,train
16534,5,train
16535,7,train
16536,3,train
16537,1,val
16538,3,train
16539,5,test
16540,6,train
16541,5,train
16542,7,train
16543,9,train
16544,5,val
16545,7,train
16546,6,test
16547,5,train
16548,0,train
16549,7,val
16550,0,val
16551,0,train
16552,3,train
16553,7,train
16554,2,train
16555,9,train
16556,9,train
16557,1,train
16558,5,test
16559,2,train
16560,9,train
16561,2,train
16562,4,train
16563,6,train
16564,1,test
16565,9,test
16566,6,val
16567,2,train
16568,7,train
16569,5,train
16570,1,train
16571,5,train
16572,9,train
16573,2,train
16574,3,val
16575,2,train
16576,1,train
16577,0,train
16578,1,train
16579,8,train
16580,5,train
16581,7,test
16582,8,train
16583,9,val
16584,2,train
16585,1,val
16586,9,train
16587,5,val
16588,8,train
16589,3,test
16590,0,val
16591,9,train
16592,7,test
16593,0,train
16594,6,train
16595,9,val
16596,2,train
16597,8,val
16598,8,test
16599,9,train
16600,5,train
16601,2,val
16602,1,train
16603,0,train
16604,1,train
16605,3,train
16606,3,train
16607,5,train
16608,3,train
16609,6,train
16610,3,train
16611,9,train
16612,3,test
16613,6,train
16614,3,train
16615,2,test
16616,0,train
16617,6,train
16618,7,train
16619,7,test
16620,7,train
16621,2,test
16622,2,test
16623,3,val
16624,0,val
16625,3,train
16626,5,val
16627,9,val
16628,0,train
16629,7,train
16630,3,val
16631,1,train
16632,0,train
16633,5,val
16634,5,train
16635,6,val
16636,2,val
16637,5,train
16638,8,test
16639,3,train
16640,3,val
16641,3,train
16642,7,train
16643,6,train
16644,5,val
16645,1,test
16646,7,train
16647,9,train
16648,1,val
16649,0,train
16650,2,train
16651,7,test
16652,7,val
16653,2,test
16654,5,train
16655,1,val
16656,0,train
16657,1,train
16658,4,train
16659,0,train
16660,8,test
16661,0,test
16662,2,train
16663,5,train
16664,8,val
16665,6,train
16666,1,train
16667,3,test
16668,2,train
16669,2,test
16670,9,train
16671,8,train
16672,9,train
16673,1,val
16674,7,train
16675,7,test
16676,3,train
16677,3,train
16678,8,train
16679,3,train
16680,6,train
16681,2,test
16682,5,train
16683,2,val
16684,5,train
16685,5,train
16686,7,train
16687,6,train
16688,2,val
16689,8,train
16690,7,train
16691,2,train
16692,5,train
16693,8,train
16694,0,train
16695,0,train
16696,6,train
16697,7,test
16698,5,train
16699,1,train
16700,7,train
16701,3,train
16702,8,train
16703,9,train
16704,3,train
16705,6,train
16706,8,train
16707,5,train
16708,9,train
16709,1,test
16710,6,val
16711,9,train
16712,2,train
16713,5,train
16714,3,val
16715,2,train
16716,3,train
16717,5,train
16718,1,val
16719,4,train
16720,7,test
16721,9,train
16722,9,test
16723,1,train
16724,5,train
16725,2,train
16726,6,val
16727,3,test
16728,9,train
16729,7,train
16730,0,train
16731,6,train
16732,5,test
16733,2,train
16734,6,train
16735,5,test
16736,1,train
16737,1,test
16738,7,train
16739,1,test
16740,6,val
16741,7,train
16742,1,train
16743,5,train
16744,0,train
16745,7,train
16746,3,train
16747,0,train
16748,9,train
16749,7,train
16750,7,val
16751,1,train
16752,2,train
16753,0,val
16754,2,train
16755,5,train
16756,7,train
16757,5,train
16758,2,train
16759,3,train
16760,6,train
16761,7,train
16762,6,train
16763,3,train
16764,6,train
16765,0,train
16766,8,train
16767,2,train
16768,2,train
16769,6,val
16770,3,train
16771,6,train
16772,3,train
16773,3,val
16774,5,train
16775,8,train
16776,0,train
16777,5,train
16778,0,val
16779,5,train
16780,1,train
16781,8,train
16782,8,train
16783,0,train
16784,7,test
16785,6,train
16786,5,test
16787,2,train
16788,8,train
16789,4,val
16790,1,val
16791,0,train
16792,9,train
16793,0,test
16794,2,train
16795,1,train
16796,3,val
16797,1,train
16798,3,train
16799,7,train
16800,7,train
16801,3,train
16802,6,test
16803,2,train
16804,9,train
16805,8,train
16806,2,train
16807,5,train
16808,8,train
16809,7,val
16810,1,train
16811,3,train
16812,5,train
16813,5,test
16814,3,test
16815,9,train
16816,5,train
16817,3,train
16818,1,train
16819,7,test
16820,7,train
16821,2,train
16822,2,train
16823,8,train
16824,6,train
16825,2,train
16826,6,train
16827,6,train
16828,9,val
16829,1,train
16830,9,test
16831,3,train
16832,8,train
16833,5,train
16834,9,val
16835,4,train
16836,2,train
16837,7,train
16838,2,val
16839,2,train
16840,2,train
16841,1,train
16842,7,train
16843,2,train
16844,1,train
16845,6,val
16846,3,test
16847,3,test
16848,5,test
16849,1,train
16850,2,val
16851,6,train
16852,6,train
16853,2,val
16854,9,val
16855,2,test
16856,3,train
16857,7,train
16858,1,val
16859,7,test
16860,8,val
16861,5,train
16862,2,train
16863,3,val
16864,2,train
16865,1,test
16866,9,train
16867,7,val
16868,2,train
16869,0,train
16870,3,train
16871,2,train
16872,5,val
16873,1,train
16874,0,test
16875,3,train
16876,7,train
16877,1,train
16878,1,test
16879,9,test
16880,9,train
16881,9,val
16882,8,train
16883,3,train
16884,6,train
16885,3,test
16886,1,test
16887,6,train
16888,0,test
16889,5,train
16890,0,test
16891,8,train
16892,6,val
16893,6,test
16894,6,train
16895,7,val
16896,7,train
16897,2,test
16898,1,train
16899,5,train
16900,7,train
16901,4,train
16902,2,train
16903,5,test
16904,4,val
16905,6,train
16906,9,test
16907,3,test
16908,0,train
16909,0,val
16910,0,train
16911,7,test
16912,8,train
16913,5,train
16914,4,val
16915,5,train
16916,2,val
16917,9,test
16918,4,train
16919,2,test
16920,1,val
16921,2,test
16922,9,train
16923,7,train
16924,8,val
16925,7,test
16926,2,train
16927,6,val
16928,3,test
16929,3,val
16930,1,test
16931,2,train
16932,8,train
16933,5,train
16934,3,train
16935,2,train
16936,7,val
16937,2,train
16938,2,val
16939,8,train
16940,3,train
16941,2,train
16942,7,train
16943,2,test
16944,9,train
16945,8,train
16946,1,train
16947,8,train
16948,6,train
16949,3,val
16950,2,train
16951,9,val
16952,5,train
16953,8,train
16954,5,test
16955,5,test
16956,0,val
16957,2,train
16958,1,val
16959,1,train
16960,2,test
16961,9,test
16962,2,train
16963,7,test
16964,1,test
16965,4,test
16966,7,train
16967,1,train
16968,7,train
16969,7,train
16970,2,test
16971,5,train
16972,7,train
16973,7,val
16974,6,train
16975,5,train
16976,6,train
16977,7,test
16978,2,train
16979,3,train
16980,0,train
16981,7,val
16982,9,train
16983,1,train
16984,9,test
16985,5,val
16986,1,train
16987,5,train
16988,9,train
16989,4,train
16990,0,val
16991,1,val
16992,6,train
16993,0,test
16994,8,train
16995,7,test
16996,6,train
16997,9,train
16998,3,val
16999,7,train
17000,3,train
17001,2,train
17002,8,train
17003,0,train
17004,7,train
17005,3,train
17006,1,train
17007,9,val
17008,3,val
17009,5,train
17010,8,train
17011,5,train
17012,6,train
17013,2,test
17014,7,train
17015,2,train
17016,8,train
17017,1,train
17018,3,test
17019,5,train
17020,7,train
17021,8,test
17022,6,train
17023,2,train
17024,7,train
17025,2,train
17026,3,train
17027,1,train
17028,6,train
17029,4,test
17030,6,train
17031,5,val
17032,2,train
17033,7,train
17034,9,val
17035,3,train
17036,0,test
17037,6,train
17038,3,train
17039,2,test
17040,1,train
17041,2,train
17042,7,train
17043,3,train
17044,3,val
17045,6,val
17046,4,val
17047,6,test
17048,5,train
17049,9,train
17050,2,train
17051,6,train
17052,8,test
17053,9,test
17054,9,val
17055,9,train
17056,6,test
17057,9,test
17058,1,test
17059,1,train
17060,7,train
17061,0,test
17062,3,train
17063,2,train
17064,7,train
17065,8,train
17066,9,train
17067,3,val
17068,8,train
17069,9,train
17070,7,train
17071,5,train
17072,5,val
17073,7,train
17074,7,val
17075,1,train
17076,3,train
17077,1,test
17078,6,test
17079,3,train
17080,1,train
17081,7,train
17082,5,train
17083,2,train
17084,8,train
17085,4,train
17086,3,test
17087,2,val
17088,6,val
17089,5,train
17090,7,train
17091,6,test
17092,8,train
17093,7,train
17094,7,val
17095,9,val
17096,2,train
17097,9,val
17098,1,train
17099,9,train
17100,1,train
17101,9,train
17102,8,val
17103,3,val
17104,2,val
17105,1,train
17106,1,val
17107,6,val
17108,2,train
17109,2,train
17110,5,val
17111,2,train
17112,1,train
17113,7,train
17114,5,test
17115,7,test
17116,1,train
17117,2,test
17118,9,train
17119,1,val
17120,5,train
17121,9,train
17122,2,train
17123,7,train
17124,0,test
17125,2,train
17126,1,train
17127,9,train
17128,5,test
17129,3,test
17130,6,train
17131,9,train
17132,2,val
17133,7,train
17134,6,test
17135,9,train
17136,2,train
17137,8,val
17138,2,train
17139,1,train
17140,0,train
17141,7,train
17142,5,train
17143,2,val
17144,1,train
17145,1,train
17146,6,train
17147,1,val
17148,6,test
17149,2,train
17150,6,test
17151,0,test
17152,7,train
17153,8,train
17154,9,train
17155,2,train
17156,1,test
17157,1,val
17158,1,val
17159,7,train
17160,7,val
17161,0,train
17162,1,train
17163,5,train
17164,8,train
17165,6,val
17166,3,train
17167,9,test
17168,3,train
17169,8,train
17170,2,test
17171,5,train
17172,1,train
17173,9,test
17174,1,val
17175,8,train
17176,2,train
17177,5,train
17178,5,test
17179,8,train
17180,8,val
17181,7,train
17182,7,train
17183,1,train
17184,5,train
17185,1,train
17186,1,train
17187,5,val
17188,1,val
17189,7,train
17190,7,test
17191,8,train
17192,5,train
17193,5,train
17194,5,train
17195,7,train
17196,6,test
17197,2,train
17198,5,train
17199,2,train
17200,7,test
17201,3,train
17202,8,test
17203,7,val
17204,1,train
17205,0,train
17206,3,train
17207,8,train
17208,9,test
17209,3,val
17210,5,val
17211,9,train
17212,2,train
17213,1,train
17214,8,train
17215,8,train
17216,1,train
17217,1,val
17218,1,train
17219,1,train
17220,2,val
17221,2,train
17222,5,test
17223,5,train
17224,1,train
17225,7,train
17226,2,train
17227,1,test
17228,0,val
17229,5,train
17230,1,val
17231,3,train
17232,7,train
17233,9,val
17234,6,train
17235,5,train
17236,0,train
17237,5,train
17238,2,train
17239,8,test
17240,5,test
17241,8,train
17242,9,train
17243,8,train
17244,2,train
17245,7,train
17246,2,val
17247,5,train
17248,7,test
17249,1,train
17250,5,val
17251,3,test
17252,9,train
17253,4,test
17254,1,test
17255,6,test
17256,1,train
17257,8,train
17258,7,train
17259,3,test
17260,9,train
17261,0,train
17262,2,train
17263,2,train
17264,9,val
17265,7,train
17266,8,val
17267,2,train
17268,2,train
17269,9,train
17270,9,train
17271,7,train
17272,1,train
17273,6,train
17274,3,train
17275,7,val
17276,8,train
17277,2,train
17278,0,test
17279,9,train
17280,1,train
17281,4,train
17282,6,train
17283,5,train
17284,6,val
17285,9,train
17286,2,test
17287,5,train
17288,6,train
17289,5,train
17290,5,train
17291,7,train
17292,9,train
17293,3,train
17294,6,train
17295,0,test
17296,3,train
17297,4,test
17298,2,test
17299,2,test
17300,9,train
17301,6,val
17302,3,train
17303,3,train
17304,6,train
17305,2,train
17306,9,train
17307,6,train
17308,9,train
17309,3,test
17310,1,train
17311,2,train
17312,2,train
17313,7,test
17314,7,train
17315,0,train
17316,8,train
17317,1,val
17318,2,train
17319,3,train
17320,2,val
17321,6,train
17322,3,train
17323,9,val
17324,3,train
17325,2,train
17326,2,test
17327,9,val
17328,7,train
17329,2,train
17330,5,val
17331,3,train
17332,6,test
17333,7,train
17334,4,train
17335,3,train
17336,5,train
17337,2,val
17338,8,train
17339,7,train
17340,1,val
17341,2,val
17342,6,train
17343,2,train
17344,5,train
17345,5,train
17346,5,train
17347,2,test
17348,8,train
17349,6,train
17350,7,train
17351,6,train
17352,2,test
17353,8,train
17354,7,train
17355,5,train
17356,1,test
17357,2,train
17358,6,train
17359,9,train
17360,3,val
17361,2,train
17362,8,test
17363,2,train
17364,2,train
17365,2,train
17366,5,val
17367,6,train
17368,7,train
17369,5,val
17370,7,train
17371,6,train
17372,1,train
17373,8,train
17374,3,test
17375,8,test
17376,6,train
17377,5,train
17378,9,train
17379,1,train
17380,5,train
17381,1,train
17382,1,train
17383,7,train
17384,3,train
17385,2,test
17386,7,train
17387,3,train
17388,1,train
17389,2,train
17390,0,train
17391,2,train
17392,4,val
17393,4,train
17394,6,train
17395,3,train
17396,6,train
17397,6,val
17398,7,train
17399,2,val
17400,2,train
17401,0,train
17402,0,test
17403,6,train
17404,8,train
17405,5,train
17406,3,train
17407,4,train
17408,6,train
17409,6,train
17410,2,train
17411,7,train
17412,3,train
17413,5,train
17414,7,train
17415,5,train
17416,7,test
17417,8,train
17418,1,train
17419,9,train
17420,9,test
17421,8,train
17422,7,train
17423,9,train
17424,0,test
17425,3,train
17426,1,val
17427,1,train
17428,3,test
17429,0,train
17430,2,train
17431,3,train
17432,8,train
17433,5,train
17434,0,train
17435,1,train
17436,2,train
17437,7,train
17438,2,train
17439,2,train
17440,2,train
17441,1,val
17442,9,train
17443,1,train
17444,4,train
17445,9,train
17446,0,train
17447,6,test
17448,4,train
17449,7,train
17450,8,train
17451,2,train
17452,0,train
17453,7,train
17454,8,train
17455,7,train
17456,6,train
17457,5,train
17458,2,val
17459,2,test
17460,2,val
17461,3,train
17462,1,train
17463,7,val
17464,0,train
17465,7,train
17466,2,train
17467,1,val
17468,7,train
17469,6,train
17470,3,train
17471,0,test
17472,2,train
17473,6,test
17474,2,train
17475,1,val
17476,6,train
17477,1,train
17478,5,train
17479,6,train
17480,9,val
17481,1,val
17482,1,test
17483,7,train
17484,2,val
17485,3,train
17486,1,train
17487,2,train
17488,7,train
17489,8,train
17490,9,train
17491,6,train
17492,0,train
17493,7,train
17494,3,test
17495,9,test
17496,6,train
17497,2,train
17498,6,train
17499,7,test
17500,3,train
17501,5,train
17502,4,test
17503,6,test
17504,4,test
17505,9,test
17506,5,train
17507,7,val
17508,4,train
17509,6,train
17510,7,train
17511,2,test
17512,9,train
17513,6,train
17514,4,train
17515,3,train
17516,3,train
17517,5,train
17518,3,val
17519,5,train
17520,5,val
17521,9,train
17522,1,train
17523,8,test
17524,5,train
17525,3,train
17526,3,train
17527,8,train
17528,3,train
17529,6,train
17530,5,test
17531,7,val
17532,3,train
17533,2,train
17534,4,train
17535,5,train
17536,5,val
17537,3,test
17538,2,train
17539,1,train
17540,2,val
17541,5,train
17542,1,train
17543,6,train
17544,9,train
17545,7,test
17546,5,train
17547,0,train
17548,1,train
17549,8,val
17550,7,train
17551,5,train
17552,6,train
17553,2,train
17554,5,test
17555,8,train
17556,5,train
17557,7,train
17558,6,train
17559,8,train
17560,9,train
17561,2,test
17562,5,train
17563,7,test
17564,7,train
17565,2,val
17566,8,train
17567,1,train
17568,7,train
17569,2,train
17570,1,train
17571,6,train
17572,5,train
17573,1,test
17574,8,test
17575,8,train
17576,6,train
17577,5,train
17578,2,train
17579,6,test
17580,1,train
17581,8,test
17582,9,train
17583,2,train
17584,6,val
17585,3,val
17586,2,test
17587,4,test
17588,5,train
17589,1,train
17590,6,train
17591,2,train
17592,1,train
17593,2,train
17594,8,train
17595,7,train
17596,9,train
17597,2,train
17598,1,train
17599,9,train
17600,2,train
17601,8,val
17602,2,train
17603,3,train
17604,9,train
17605,0,train
17606,9,train
17607,3,train
17608,7,train
17609,3,train
17610,5,train
17611,0,test
17612,0,train
17613,7,train
17614,7,train
17615,1,train
17616,5,train
17617,7,train
17618,9,train
17619,5,train
17620,4,train
17621,8,test
17622,9,train
17623,8,train
17624,9,train
17625,7,train
17626,2,train
17627,5,train
17628,5,train
17629,9,train
17630,3,train
17631,0,train
17632,0,test
17633,9,train
17634,8,train
17635,2,train
17636,1,test
17637,6,train
17638,5,train
17639,3,train
17640,2,test
17641,5,test
17642,5,test
17643,8,val
17644,9,train
17645,3,test
17646,9,train
17647,3,val
17648,1,train
17649,5,train
17650,9,train
17651,7,train
17652,7,val
17653,6,train
17654,6,train
17655,7,val
17656,7,val
17657,6,val
17658,5,train
17659,6,train
17660,0,val
17661,2,train
17662,9,train
17663,9,train
17664,7,test
17665,8,train
17666,9,train
17667,9,train
17668,2,train
17669,5,train
17670,1,train
17671,6,train
17672,2,train
17673,1,train
17674,7,train
17675,0,train
17676,9,train
17677,2,train
17678,0,train
17679,8,val
17680,5,train
17681,9,val
17682,9,train
17683,0,val
17684,2,train
17685,8,train
17686,6,train
17687,3,train
17688,2,val
17689,7,test
17690,8,train
17691,1,train
17692,4,train
17693,3,train
17694,2,test
17695,6,train
17696,9,train
17697,8,val
17698,2,train
17699,1,val
17700,7,train
17701,6,val
17702,2,val
17703,5,train
17704,9,train
17705,1,train
17706,5,train
17707,2,train
17708,7,train
17709,6,train
17710,5,val
17711,9,train
17712,6,train
17713,3,train
17714,6,train
17715,3,train
17716,1,train
17717,6,train
17718,7,train
17719,0,val
17720,8,train
17721,8,train
17722,3,train
17723,3,train
17724,1,train
17725,5,train
17726,3,test
17727,9,train
17728,7,train
17729,6,train
17730,3,train
17731,7,train
17732,8,train
17733,3,test
17734,7,train
17735,0,train
